rank,bucket,orig_index,true_label,predicted_label,positive_probability,text,raw_words,cleaned_tokens,truncated_at_max_len,top_attention_words
1,confident false positive,29330,0,1,0.99959016,"Wow love the place and everything is very clean and new!  Great place to come and relax worth a try!  Cheers,  Eric Van Nguyen Visited April 2012",23,20,False,"love (0.07), great (0.06), wow (0.06), clean (0.06), worth (0.06)"
2,confident false positive,3163,0,1,0.99811244,What I love about Rubios' is that they always have beer. Always.  That is all I love though...,17,13,False,"what (0.10), love (0.10), love (0.10), always (0.09), always (0.08)"
3,confident false positive,20058,0,1,0.9978915,Meat and two place. Pretty decent food. Great service. Divey.,10,9,False,"great (0.15), meat (0.14), divey (0.12), service (0.11), two (0.11)"
4,confident false positive,12480,0,1,0.9971612,"my husband had an omelette that was good. i had a blt, a little on the small side for $10, but bacon was great. Our server was awesome!",28,16,False,"awesome (0.10), great (0.10), my (0.08), good (0.07), our (0.07)"
5,confident false positive,3465,0,1,0.9961032,"Wally world a necessary evil.  it has low prices and pretty much everything you need. Customer service is hit and miss, it's rare to find a cashier that looks happy to be there. However there is a young man in electronics who always goes above and beyond. The store is open 24/7 so if you work late you can still go shopping.",62,43,False,"wally (0.04), world (0.04), beyond (0.03), everything (0.03), above (0.03)"
6,confident false negative,22807,1,0,0.0006847535,"EDIT: They really did change the service up since I last posted this.  Horrible service.  Used to be my favorite pizza in the city (at a reasonable price), but I'm rethinking that. We just had an altercation with a server who refused to split a check when we were paying with cash. He then proceeded to disrespect the party at the table, telling us to 'not give him attitude about it.'  Sorry Bella Notte, but we're not children. I don't care if you're working hard - it doesn't give you any excuse to disrespect your paying customers like that.",96,71,False,"edit (0.02), they (0.02), horrible (0.02), really (0.02), service (0.02)"
7,confident false negative,30366,1,0,0.0014126261,"We have eaten at the restaurant several times as we enjoy the food and last night brought friends (another couple) as it was one of their birthdays.  In the afternoon called and spoke with a hostess to tell her would like """"happy birthday"""" written on the plate on whatever dessert was ordered.  When we arrived at the restaurant ran in ahead and mentioned it to the hostess (different than the one spoke with on the phone).  When we did in fact order dessert there was no acknowledgement of a birthday with either a candle or writing on the plate.  It was a very slow evening so no excuse about being busy but just that the messages were not relayed to the waiter (who was very good by the way and not his fault).  This was disappointing as we wanted to finish off the evening with that surprise.  Called the manager this morning who apologized but absolutely no offer of a gift card for a dessert that could make this up to my friend.  That was not good business.",178,105,False,"slow (0.01), no (0.01), we (0.01), disappointing (0.01), message (0.01)"
8,confident false negative,26683,1,0,0.0018327048,"I've just been forced to concede that, despite still not digging their ordering process, their food is just too good to disrespect with a 2 star review.",27,20,False,"disrespect (0.06), too (0.06), star (0.06), i (0.05), good (0.05)"
9,confident false negative,32275,1,0,0.0033405754,"As much as I enjoyed the food, it was just extremely expensive! My husband and I ordered the breakfast sandwich & quiche Loraine & a few other goodies and our total was so high! Don't get me wrong, the food we ordered was delicious! But I don't think I would pay that much again. Also, I got the 8-piece Macaron box. They were small & pricey as well. I've had better to be honest.",74,53,False,"enjoyed (0.03), delicious (0.02), food (0.02), extremely (0.02), expensive (0.02)"
10,confident false negative,30793,1,0,0.0036569613,"This place is so much better since they changed owners.  My wife and I went when it was the old owners, it was terrible.  We waited forever and the food never came before we walked out.  People were served before us that walked in after and my wife actually got her soup before me and I sat and waited while they """"made more"""".  It was horrible.  Now its much better.  The staff are very friendly, they treat their customers very well and I have nothing but positive things to now say about this place.  Its much better with the new owners.",98,73,False,"place (0.02), so (0.02), friendly (0.02), food (0.02), horrible (0.02)"
11,near-threshold error,27895,1,0,0.49986106,"On a recent visit to Charlotte, a friend and her husband picked  me up at CLT to take me to my hotel, and we decided to get a bite to eat before they dropped me off.  They told me about Cowfish and how good their sushi was as well as their burgers and milkshakes.  Granted it was a Friday evening, and it did not seem to be overly crowded, so I was not expecitng a 90 minute wait.  But it gave my friends and I a chance to sit and catch up as we waited.",94,62,False,"good (0.02), recent (0.02), visit (0.02), their (0.02), charlotte (0.02)"
12,near-threshold error,5005,1,0,0.49949872,"This was the first time back after a year, as our previous visits were mediocre at best so it was only time that we gave these folks another chance.  We visited on a Thursday night at 7:30pm and chose to sit in the bar area where they have a few booths and tv's.  The sports decor is no longer around as the Panthers had a pretty bad season last year, and the Basketball team was just down right horrible.....so bad that they won a place in history as the absolute worst team ever!      IMO it was good to remove the bad memories of our local teams.  The service was very prompt, courteous and attentive to our needs.  The endless yeast rolls were perfect . The butter was able to melt completely on the roll, offering a great way to start a meal.  There were three in our party, the orders were as follows: a sirloin, a bacon cheeseburger w/ fries, and the Tuscan chicken (I have added a picture).  The steak was properly cooked, the cheeseburger was huge and had a very juicy center.  The Tuscan chicken was cooked and seasoned properly, but had a singed area that the cheese covered, so it had a burnt taste on a few bites.  Overall, I was very pleased with the dining experience, and it was very nice to see the manager making the rounds and talking to the guests.  I will put this on the short lists of places to try again soon....it appears that the new menu items, and decor as well as a better staff have improved since our last visit.  NCFoodGuy",266,164,False,"pleased (0.01), nice (0.01), juicy (0.01), improved (0.01), great (0.01)"
13,near-threshold error,1254,1,0,0.49868128,"""""restaurant of distinction"""": right off the bat, the expectations are high.  when you're arrogant enough to put something like that in your title, you're awesome in my book.  it's like calling myself """"todd 'the man' o."""" maybe i will change my name to that to put myself in a comparable position to that of avanti.  onto lunch...started off with some of their house garlic bread.  if i didn't have a flight to catch right after, i probably would have eaten more, but decided to be nice and spare my fellow row mates.  went on to my main dish: linguine with white clam sauce ($16).  quite possibly one of the most amazing pasta dishes i've had in a long time.  the sauce had a bunch of clams, which i can always appreciate.  if it wasn't a """"restaurant of distinction,"""" i may have started to lick the plate after my linguine was gone.  concluded the meal by sharing the homemade tiramisu ($6) with my 2 colleagues.  for the price, i've had better.",167,118,False,"amazing (0.02), most (0.01), homemade (0.01), awesome (0.01), pasta (0.01)"
14,near-threshold error,15339,1,0,0.49846947,"Great Place Love there drinks the only mistake was walking over and sitting in 110 degree weather we should have driven over. The services is good I got a chocolate soda and my wife a slushie. The burgers are great, but like I said try eating in front of all theses cars with the engines going and the heat not good",61,42,False,"great (0.04), love (0.04), place (0.04), great (0.04), drink (0.03)"
15,near-threshold error,775,0,1,0.5016061,"Over Rated and to crowded.  Go to Mi Patio or La Canasta instead.  Or, go a little further north to Via Delosantos for even better food and drinks!",28,19,False,"over (0.07), rated (0.06), crowded (0.06), better (0.06), go (0.05)"
16,slice-specific failure,37885,1,0,0.07398906,"Compare to the rest of the nordy rack stores, this one by far has no good items. Couldn't find anything good here.",22,15,False,"compare (0.08), no (0.07), good (0.07), rest (0.07), nordy (0.07)"
17,slice-specific failure,8421,0,1,0.636188,I think that everything was a bit over priced. We sat out by the open air that overlooked the pool and that was nice.,24,14,False,"i (0.08), everything (0.08), priced (0.08), we (0.08), bit (0.08)"
18,slice-specific failure,22779,1,0,0.011970084,I was informed by the cook/owner that they no longer use any MSG in there menu.,16,11,False,"i (0.11), informed (0.11), no (0.10), cook (0.10), owner (0.09)"
19,slice-specific failure,4182,0,1,0.5109736,Some things are better left unsaid.,6,5,False,"some (0.22), thing (0.20), <unk> (0.19), better (0.19), left (0.19)"
20,slice-specific failure,19536,0,1,0.51899445,"I was impressed with the variety of goods but the service was, like most things Quebec, lethargic and indifferent. Very likely due to me being English speaking. Stores like this have convinced me that internet shopping (in the USA) is the way to go. Too bad.",46,29,False,"impressed (0.05), most (0.04), good (0.04), variety (0.04), i (0.04)"
