G,D_A,D_B,cycle,identity,epoch,lr,epoch_time_sec
9.560854045550029,0.4062208900849024,0.38453736354907353,0.29370788246393204,0.27613963653643925,1,0.0002,65.10873420001008
8.314835704167685,0.22909722097218035,0.24191379765669505,0.25594246461987497,0.2345156186322371,2,0.0002,56.673831399995834
7.649683731396993,0.21257377959787846,0.24136233295003573,0.2310172832508882,0.21478787804643312,3,0.0002,56.70630259998143
7.384863120714823,0.20409801498055458,0.21530410674711067,0.22178164045015972,0.20570528283715248,4,0.0002,56.50511160003953
7.1019094403584795,0.19202520102262496,0.21047631015380225,0.21067023863395054,0.19761201992630958,5,0.0002,56.504809200007
7.080402522087097,0.19933835337559383,0.19620954148471356,0.21049131885170935,0.19672277773420016,6,0.0002,56.431952699960675
7.094170289039612,0.19232691603402297,0.19440054560701053,0.20988477274775505,0.1967628812789917,7,0.0002,56.50022859999444
6.780294920603434,0.18749209875861803,0.1999671784043312,0.20041459853450458,0.18841806367039682,8,0.0002,56.3421221000026
6.670654101371765,0.1859998362635573,0.19588560356448095,0.1964558552702268,0.18389952942728996,9,0.0002,57.19681379996473
6.550805187225341,0.18328176657358805,0.20490946841736635,0.1930262986322244,0.17952099293470383,10,0.0002,56.924633499991614
6.35627033551534,0.1823364154373606,0.20145796092847984,0.18576114758849144,0.1748691267768542,11,0.0002,56.4963186000241
6.33158710638682,0.20683361195027827,0.20478518108526866,0.18445692752798398,0.1729826326171557,12,0.0002,56.43513970001368
6.0841962512334185,0.20865181898077328,0.20275151913364728,0.18034943302472434,0.16670228426655134,13,0.0002,56.088660300010815
6.206340061823527,0.18630940191447734,0.1997348825633526,0.183357852101326,0.1692579171558221,14,0.0002,58.16235539998161
5.954487833976746,0.1909398797651132,0.19795792904992898,0.17424755118787288,0.16293873985608417,15,0.0002,58.025507499987725
6.030362631479899,0.17853618398308754,0.1962625469515721,0.1768602112432321,0.16441983391841253,16,0.0002,58.23496329999762
5.924329012235006,0.18185630707691114,0.19416558156410854,0.1731260519474745,0.16057592858870826,17,0.0002,55.94571459997678
5.858883666992187,0.18460560212532678,0.19538037876288097,0.17047845726211866,0.15837498125930627,18,0.0002,55.90460680000251
5.759003028869629,0.18188027366995813,0.19615731209516526,0.1668758966277043,0.15610939346253871,19,0.0002,55.77549309999449
5.776085084279378,0.18149712021152178,0.19831219899157684,0.1683005784700314,0.15619620390236377,20,0.0002,56.62828109995462
5.678091867764791,0.1769474711517493,0.195741743221879,0.16461704765756924,0.15429038835068543,21,0.0002,55.878557400021236
5.700982416470845,0.17518202686061463,0.18849239992598693,0.1645911635706822,0.15303633275131384,22,0.0002,55.93480390001787
5.615219980875651,0.17238131074855725,0.19736761761208374,0.16212009054919083,0.15057814421753088,23,0.0002,56.276992099999916
5.5882344929377235,0.17201145756989716,0.19065978897114594,0.16022105559706687,0.15001469592253366,24,0.0002,57.43155029998161
5.582661166191101,0.1728364133586486,0.18888925137619178,0.16089607005318005,0.14955886520445347,25,0.0002,55.626807699969504
5.567521239916483,0.16889710063735644,0.1866648578767975,0.15973387810091177,0.14961176842451096,26,0.0002,55.63702480000211
5.529896484216054,0.17131297109027704,0.19105339092512927,0.15798109124104182,0.14789591883619627,27,0.0002,55.67432769999141
5.4747774664560955,0.17489412680268288,0.19074622941513855,0.15662454557915528,0.14716281262536843,28,0.0002,55.7100361000048
5.371362463633219,0.17625330762316782,0.188069511577487,0.15323800052205722,0.1444468302031358,29,0.0002,55.66223010001704
5.364205308755239,0.17255265501638253,0.18689115187774102,0.1527606704334418,0.14402459755539895,30,0.0002,55.58753820002312
5.323821625709534,0.17258329746623835,0.18669527478516101,0.1510661922643582,0.14202619045972825,31,0.0002,55.9528831000207
5.236119759082794,0.17358728426198164,0.19314791053533553,0.14868005017439526,0.14022906966507434,32,0.0002,55.60072930000024
5.3340461619695025,0.17094297003000974,0.18714721741775672,0.1520346130679051,0.14283770643174648,33,0.0002,55.470172700006515
5.333449832598368,0.16535020962357522,0.18535796262323856,0.15168706814448038,0.142568530117472,34,0.0002,55.90973110002233
5.2366490213076275,0.16780605303744475,0.19087183465560278,0.14893161470691363,0.13926323922971884,35,0.0002,56.00177810003515
5.263596165180206,0.16955253690481187,0.18156868415574232,0.14903634938100974,0.13951823323965074,36,0.0002,56.01898789999541
5.203162086009979,0.16209385639677446,0.1904856243605415,0.1477464336901903,0.13832295030355454,37,0.0002,56.09689960000105
5.277475091616313,0.1633696813136339,0.18050281854967276,0.14931383304297924,0.14046880257626373,38,0.0002,55.96159909997368
5.306411456267039,0.16063752596577008,0.18412566877901554,0.15000003285706043,0.1410734512656927,39,0.0002,55.98145670001395
5.199771184921264,0.15539994452148675,0.17795053211351236,0.14648750908672808,0.13760050748785338,40,0.0002,56.03735469997628
5.165613735516866,0.16166361483434835,0.18439220430950323,0.14542526644965012,0.13672860915462176,41,0.0002,55.98153210000601
5.233955066998799,0.15739179843415815,0.17124789953231812,0.14723583740492663,0.13767002699275813,42,0.0002,55.98919089999981
5.160571331183116,0.15750636185208958,0.1754450361803174,0.14558397876719634,0.13492623882989088,43,0.0002,55.85343680001097
5.160013922850291,0.16194701910018922,0.17269059682885807,0.14557930248479048,0.13540556227167447,44,0.0002,55.72986859997036
5.08872296889623,0.163886644517382,0.17507766418159007,0.14339938566088675,0.13358211256563662,45,0.0002,55.836925599956885
5.130944849650065,0.15806630070010821,0.17579125305016835,0.14393515460193157,0.13585099920630456,46,0.0002,55.520145900023635
5.026470630168915,0.15787262994796036,0.17292072229087352,0.13941909270981948,0.1306643726179997,47,0.0002,55.665586600021925
5.044382197062174,0.14905467932422956,0.16936155231048663,0.138906619399786,0.13175602212548257,48,0.0002,55.87335619999794
5.126620704332987,0.14503799770027398,0.15712721390028794,0.14191269556681316,0.13252682695786158,49,0.0002,55.5697996999952
5.106561159292857,0.1463680503393213,0.15991532970219852,0.14121747526029746,0.1322283434867859,50,0.0002,55.561107699992135
5.114852404594421,0.14272993668913841,0.15998233623802663,0.1416477790971597,0.13074120126664637,51,0.0002,55.667500099982135
5.084530510902405,0.14431548275053502,0.1610389059285323,0.13988380362590155,0.13121267626682917,52,0.0002,55.72864440002013
5.081800276438395,0.13997859937449297,0.1612376268208027,0.1399205886075894,0.13133758259316286,53,0.0002,55.680297999992035
5.027605355580648,0.14275907156368098,0.16218303461869557,0.13873345963656902,0.12989948491255443,54,0.0002,56.00605450000148
4.938241741657257,0.14703398073712984,0.16172399125993253,0.1374540726840496,0.12695142542322477,55,0.0002,55.66054609999992
4.930464217662811,0.15011502301941315,0.16662967329223952,0.1365007888774077,0.1273398390909036,56,0.0002,55.62397790001705
4.9760086925824485,0.1479734556376934,0.1616293787707885,0.138074594711264,0.12893258350590864,57,0.0002,55.461152100004256
4.96786030292511,0.1521779707695047,0.16241563810656467,0.13727583438158036,0.12871963610251744,58,0.0002,55.77434840000933
4.9267987275123595,0.15079076018184423,0.16614621366063753,0.1359467528015375,0.12670497372746467,59,0.0002,56.019381000020076
4.885327327251434,0.15374825102587542,0.16870341435074807,0.13590599690874416,0.12712412878870963,60,0.0002,55.56825939996634
4.835085493723551,0.15309633428851763,0.17633248555163542,0.13532002963125705,0.12556653077403704,61,0.0002,55.590455600002315
4.846734782854716,0.16051961618165175,0.17714773217837015,0.1356111922611793,0.1258381603161494,62,0.0002,56.188906499999575
4.734903168678284,0.16811886548995972,0.1764148630450169,0.1323580783357223,0.1230503949522972,63,0.0002,55.842540900048334
4.855921134948731,0.16312339276075363,0.16987296794851622,0.13696456524233022,0.12676730245351792,64,0.0002,55.72871130000567
4.743935453891754,0.16392476189881564,0.178107732112209,0.13237045827011268,0.12396630542973677,65,0.0002,55.74327959999209
4.773584046363831,0.1657508885860443,0.17591725495954355,0.13387208739916484,0.1238973981887102,66,0.0002,55.657588200003374
4.685217931270599,0.1651312010238568,0.17722558935483296,0.13140818101664384,0.12155944431821505,67,0.0002,55.75648530002218
4.771120105584463,0.16215848316748938,0.17437618019680182,0.13345133893191816,0.12350962959229946,68,0.0002,55.94469090003986
4.6687695368131,0.16524453346927961,0.17177269553144772,0.13082207404077054,0.1218819310516119,69,0.0002,55.63814680004725
4.731848278840383,0.15995229815443357,0.17733838856220246,0.13210138072570166,0.12279991753399372,70,0.0002,55.68952940002782
4.711500191688538,0.16381367335716884,0.17770971360305945,0.13174506249527138,0.12302276372909546,71,0.0002,55.75335499999346
4.652665971914927,0.15630725592374803,0.17268205784261226,0.13011762167016666,0.11844656976560751,72,0.0002,57.46058529999573
4.681847755908966,0.15525399178266525,0.17237746417522432,0.1307283444950978,0.12008699069420496,73,0.0002,56.86906140000792
5.040799703598022,0.6945641836275657,0.1725848865881562,0.13722160582741103,0.12575171187520026,74,0.0002,56.23025339999003
4.310004708766937,0.24977461511890092,0.1755823492258787,0.12354026292761167,0.11540896688898404,75,0.0002,56.77607940003509
4.383342706362407,0.24884207804997763,0.1752249636873603,0.12552616951366266,0.1173226128021876,76,0.0002,56.67595170001732
4.344652882417043,0.24465190415581067,0.1774696813772122,0.12451471582055092,0.11572765216231345,77,0.0002,55.62127090001013
4.347616341114044,0.24186579063534736,0.17114286174376805,0.1244191603610913,0.11494394565622011,78,0.0002,55.75712960003875
4.390386602083842,0.24222627460956572,0.16894422267874082,0.12532751977443696,0.11639034988979499,79,0.0002,57.11366500001168
4.321366217136383,0.24154289762179057,0.17411709308624268,0.12254088044166565,0.11437324039638043,80,0.0002,57.93274170003133
4.264800334771474,0.24219921792546908,0.1762828312565883,0.12147856225570043,0.11230830229818821,81,0.0002,56.749792799993884
4.308782502015432,0.23856102993090947,0.1729602545996507,0.12222179705897968,0.11313980961839358,82,0.0002,56.13153349998174
4.342724937597911,0.2374054403603077,0.16861567623913287,0.12304294308026632,0.11428365950783094,83,0.0002,55.85566140001174
4.292404797077179,0.23404924472173055,0.1703568533435464,0.1212982149173816,0.11209603870908419,84,0.0002,55.841819799970835
4.307636670271555,0.2303273833791415,0.1700075737759471,0.12225282137592633,0.11260556464393934,85,0.0002,58.435408999968786
4.388407281239828,0.21658491678535938,0.165744078780214,0.12428749988476435,0.11472337027390798,86,0.0002,56.51154169999063
4.404811049302419,0.20142319199939568,0.16754998008410135,0.1241997291147709,0.1145066994180282,87,0.0002,56.148485100013204
4.4282964324951175,0.17691029869019986,0.16662177609900633,0.1231930344303449,0.11370622637371222,88,0.0002,55.71543989999918
4.459303495089213,0.1752054896950722,0.1698203209787607,0.12418377993007501,0.11484540276229381,89,0.0002,55.03835789998993
4.470553739070892,0.1665898935496807,0.16863559037446976,0.12432360917329788,0.11382755634685357,90,0.0002,54.855635899992194
4.490252180099487,0.16175527586291233,0.16930406908194223,0.12404392505685488,0.11425247882803281,91,0.0002,55.33985400001984
4.525390042463939,0.1596192840859294,0.16641991575558981,0.12466894954442978,0.11507749199867248,92,0.0002,55.49719770002412
4.509195102055868,0.15924267544100681,0.16504769044617812,0.12424100500841935,0.11475599413116773,93,0.0002,55.293513700016774
4.500205533504486,0.15702933890124163,0.17161168374121188,0.12430538381139437,0.11393309565881889,94,0.0002,55.06075060000876
4.406574331919352,0.15496704372266928,0.16798638372371594,0.12153642748792966,0.11179260363181433,95,0.0002,55.02919119998114
4.402292924722036,0.1651100252692898,0.17649966609974702,0.12166462197899819,0.11173173184196154,96,0.0002,55.01490080001531
4.4316932471593224,0.15537283244232336,0.16742148131132126,0.12226763315498829,0.11195334119101365,97,0.0002,54.93431390001206
4.455411346753438,0.15639702312648296,0.17523038007318972,0.12324388074378173,0.1122284475217263,98,0.0002,55.05417260003742
4.441777603626251,0.1579987585544586,0.1677414501706759,0.12257876714070638,0.11157857144872348,99,0.0002,54.98643520002952
4.486747577190399,0.14547169687847297,0.16560214401533208,0.12309644877910614,0.11234744759897392,100,0.0002,54.90473170002224
4.46548267920812,0.15102606991926829,0.1701300903658072,0.12270219795405865,0.11187781073153019,101,0.0002,54.96815789997345
4.47583993434906,0.15262035936117171,0.17025306937595208,0.1224521009872357,0.11210456910232702,102,0.0002,54.90125559997978
4.402613792419434,0.14564791815976302,0.1703172561029593,0.12007765005032221,0.10936620863775412,103,0.0002,54.834796700044535
4.533510237534841,0.14635427323480446,0.16962795476118722,0.1244148334612449,0.1119906998425722,104,0.0002,55.11436509998748
4.454642061392466,0.14161779991040627,0.17843929966290792,0.12225611219803492,0.11069341977437337,105,0.0002,54.96299919998273
4.438228360017141,0.14603334007163843,0.17365883308152358,0.12126584214468797,0.11067385216554006,106,0.0002,55.04431999998633
4.373474961916606,0.138579869667689,0.16601094894111157,0.11893517685433229,0.10806536714235941,107,0.0002,55.48065380001208
4.716130170822144,0.4497118534644445,0.16605670403689146,0.12729779159029325,0.11461076190074285,108,0.0002,55.21842920000199
4.169067486127218,0.24240585898359618,0.16890023328363896,0.11863155928750833,0.10870467320084572,109,0.0002,55.32982169999741
4.178923875490824,0.2257042274872462,0.16880970341463883,0.11801686450839043,0.10899861507117749,110,0.0002,55.230768500012346
4.080741795698802,0.21688235471645992,0.16939641134192546,0.11460499358673891,0.10477220835785071,111,0.0002,55.07340059999842
4.1375897630055745,0.2011413127432267,0.1704776956140995,0.11639824531972408,0.10671050161123276,112,0.0002,55.27653780003311
4.186517151196798,0.17951980722447236,0.17337039279441038,0.11742059767246246,0.10695770303408304,113,0.0002,55.266050299978815
4.305112466812134,0.14897570058703422,0.16384678152700266,0.11890576471885045,0.1075510193904241,114,0.0002,55.1876885999809
4.3786350385348,0.14552849892526865,0.17085314859946568,0.1200339308132728,0.10858688727021218,115,0.0002,55.042290700017475
4.349184206326803,0.14222406099239984,0.1654850111156702,0.11891946725547314,0.107640249406298,116,0.0002,55.01316119998228
4.41244837363561,0.14410179757823546,0.16970084364215532,0.1201999527712663,0.1086269544561704,117,0.0002,54.98383710003691
4.368532280127208,0.13909042738378047,0.16698327707747618,0.11781059811512629,0.10694810686012109,118,0.0002,54.981161699979566
4.423818782965342,0.13829748249302307,0.1646569169809421,0.12008155872424443,0.10854730126758416,119,0.0002,55.31310259999009
4.404836815992991,0.13656426340341568,0.1678653894116481,0.11917878091335296,0.10701992501815161,120,0.0002,54.94590719998814
4.347723664442698,0.13887419092158476,0.16501887584726016,0.11777970905105273,0.10575539901852608,121,0.0002,55.12202349997824
4.329180663426717,0.13857483466466267,0.16655232802033423,0.11706185812751452,0.10519718741377194,122,0.0002,54.844616399961524
4.372931900819142,0.13599428976575534,0.17109803368647894,0.11833803288638592,0.106490972712636,123,0.0002,55.012289999984205
4.403536450862885,0.13323146738111974,0.16881247904151678,0.1190571545312802,0.10765568467477958,124,0.0002,55.19755159999477
4.410124185085297,0.12650253670910994,0.16644801398118336,0.11842565668125947,0.10686425037682057,125,0.0002,54.84418590000132
4.3504227940241496,0.12514393762995799,0.16480660830934843,0.1171152708431085,0.10487403345604737,126,0.0001984,54.949860299995635
4.305417642593384,0.12834148600697518,0.16609520701070626,0.1151677368581295,0.10502252218623956,127,0.0001968,54.767236300045624
4.379813111623128,0.12009363689770301,0.1606409421066443,0.11723574459552764,0.10532607344289621,128,0.0001952,54.840728499984834
4.394903726577759,0.11630249137679737,0.16360104218125343,0.11770904424289862,0.10464468389749527,129,0.00019360000000000002,54.772157400031574
4.362391011714935,0.11510833241045475,0.1653090198834737,0.11614677997926871,0.10433893678088983,130,0.000192,54.760186599974986
4.314078056017558,0.11758135789384444,0.16262530361612637,0.11509815521538258,0.1033526528129975,131,0.0001904,55.03318310005125
4.30144675095876,0.11647516169895729,0.16558300661544004,0.11454643172522386,0.10219624501963456,132,0.0001888,55.08681280002929
4.331055431365967,0.1144408652683099,0.16023576758801938,0.11561010179420313,0.10346331191559632,133,0.0001872,54.82278430002043
4.313062025705974,0.11749544395754735,0.16199238834281762,0.11417832153538864,0.10287230518956979,134,0.0001856,54.879395800002385
4.3278747129440305,0.11422394105543693,0.15998420391231774,0.11446579247713089,0.10348644845187664,135,0.00018400000000000003,54.71981899999082
4.307398300965627,0.11143583117673794,0.1609378636876742,0.1141965168217818,0.1024054113527139,136,0.00018240000000000002,54.6874418000225
4.348963881333669,0.11134028719117244,0.1580650847653548,0.11425644559164842,0.1033305078248183,137,0.0001808,54.67518850002671
4.360850973924001,0.10950277999043465,0.16298214338719844,0.11532679903010527,0.10358475903669993,138,0.00017920000000000002,54.741076400037855
4.327222006320953,0.10569535524894794,0.15557900175452233,0.11423049971461297,0.10204055711627007,139,0.0001776,54.738609899999574
4.32209624449412,0.11055356847743193,0.15856134196122487,0.11422713970144589,0.1016867871582508,140,0.00017600000000000002,54.876984200032894
4.317806839148203,0.10584918255607287,0.16019656815876562,0.11369468798240026,0.10176991571982702,141,0.0001744,54.7438030000194
4.286097429593404,0.10187282255540292,0.16004980030159155,0.112327609633406,0.10046928398311138,142,0.0001728,54.65535730001284
4.283382349809011,0.10620966875304778,0.15899818159639836,0.11249148632089297,0.09981324670215448,143,0.00017120000000000001,54.75131659995532
4.357144924799601,0.09997062462071578,0.15676620605091254,0.1141335250933965,0.10200028243164222,144,0.0001696,54.70847859996138
4.3128803284962975,0.10541742070267598,0.1535187240689993,0.11288789423803489,0.10059473705788453,145,0.000168,54.7814169000485
4.281830373605092,0.10031334257374207,0.15556632086634636,0.1114185141523679,0.09883114521702131,146,0.0001664,54.958932999987155
4.2427143335342405,0.10205068046847979,0.15938707490762075,0.11035527922213077,0.09868520006537437,147,0.00016480000000000002,54.88393139996333
4.230615733464559,0.10574086802701155,0.1584156723568837,0.11031562107304732,0.0987602332731088,148,0.0001632,54.74925110000186
4.2143966627120975,0.10032588973641396,0.15499088843663533,0.11023337801297506,0.09763834158579508,149,0.00016160000000000002,54.86009020003257
4.285172768433889,0.09975961922357479,0.154248186647892,0.11157065672179063,0.09900827869772912,150,0.00016,54.73259450000478
4.198231984774272,0.10222905612240235,0.15917328433444103,0.10910217272738616,0.0973855583369732,151,0.00015840000000000003,55.06736159999855
4.309539342721303,0.09870179065813621,0.15648335759838422,0.1114384155968825,0.09928089347978433,152,0.00015680000000000002,54.61798139999155
4.263220245838165,0.09542410707722107,0.15603107417623202,0.110951243887345,0.09887814775109291,153,0.0001552,54.77762629999779
4.263225467999776,0.09632024108121792,0.15324853878468275,0.11097896985709667,0.09863878533244133,154,0.00015360000000000002,54.87207340000896
4.214813260237376,0.09542567983269691,0.15478203646838665,0.10903798530499141,0.09666819619635741,155,0.000152,54.775183200021274
4.201085459391276,0.09587434684236844,0.15304620377719402,0.10791628986597061,0.09603166895608108,156,0.0001504,55.003385599993635
4.167862412134807,0.09687277742971977,0.15567759700119496,0.10696204299728075,0.09636946772535641,157,0.0001488,54.89496830001008
4.231425716876983,0.09453226159016291,0.15329165423909824,0.10947507458428542,0.09758912901083629,158,0.0001472,54.86960440000985
4.1634364215532935,0.09399431436012189,0.15166450070838133,0.10729052076737086,0.09474731177091598,159,0.00014560000000000002,54.78057959995931
4.173629464308421,0.09585846162090698,0.14913670194645723,0.10737511284649372,0.09464582487940788,160,0.000144,54.73278920003213
4.225961763858795,0.09453910746922095,0.1518738644818465,0.1083533637225628,0.09685531482100487,161,0.0001424,54.88262200000463
4.195937554836274,0.0930367952461044,0.15017350554466247,0.10755434979995092,0.09447290000816186,162,0.0001408,54.68028969998704
4.2270835018157955,0.09468699353436628,0.15473889018098513,0.10885082619885604,0.09597457913060983,163,0.0001392,54.724837800022215
4.230902783075968,0.09580533377826214,0.14979213622709114,0.10869275691608588,0.0970306592186292,164,0.00013759999999999998,54.82765659998404
4.1559623154004415,0.10501750569790602,0.14980523926516373,0.10709831545750301,0.09491724573075772,165,0.000136,54.739156100025866
4.109491514364878,0.12007619636754195,0.15264848028620084,0.10625531526903312,0.09447851943473021,166,0.0001344,54.787587700004224
4.058678808212281,0.12093503383298715,0.14944096957643827,0.10630003015200297,0.09416674201687177,167,0.0001328,55.03405510005541
4.087658716042837,0.12474854610860348,0.1531064360588789,0.1073502621303002,0.09400756940245629,168,0.00013120000000000002,54.72038660000544
4.070279508431753,0.12334160581231117,0.14934592219690482,0.10637961417436599,0.09440113420287768,169,0.0001296,54.67493050004123
4.067083306312561,0.12518196559200684,0.14704456242422262,0.10650461850066979,0.09452672337492307,170,0.00012800000000000002,54.854248900024686
4.0723388465245565,0.12539228092879057,0.14836660681913297,0.10578820258378982,0.09344681970775127,171,0.0001264,54.76117389998399
4.118691868782044,0.12463699463754892,0.14985417687644562,0.10798178575932979,0.09513565748929978,172,0.0001248,55.09779679996427
4.077717543443044,0.12191506259143353,0.15028236058851083,0.10682518638670445,0.09442540757358074,173,0.0001232,54.96940830000676
4.045449426968893,0.1248271831870079,0.14835943503926197,0.10559940174221992,0.09357259221374989,174,0.0001216,54.74700869998196
4.008399194876353,0.12529310720662276,0.15228257663547992,0.10443620820840199,0.09224544872840246,175,0.00012,54.775663700012956
4.022941637039184,0.12849050442377727,0.14834372056027254,0.10456832999984424,0.09208957351744175,176,0.00011840000000000002,54.67445289995521
4.004695196946462,0.12284274958074093,0.15101587444543838,0.10466836780309677,0.09197756064434846,177,0.00011680000000000002,54.68599460000405
4.035381927490234,0.12284127199401458,0.15249161794781685,0.10505831283827623,0.09262606278061866,178,0.00011520000000000002,55.04322489997139
3.9566675074895223,0.12749673797438543,0.14776100143790244,0.10305310390889645,0.09108051671336094,179,0.00011360000000000002,54.89293319999706
3.9932784366607668,0.12507838409394026,0.1504173062245051,0.10423485964536666,0.09170120410621166,180,0.00011200000000000001,54.89129919995321
3.9575611925125123,0.12820411215225855,0.14916580570240814,0.10255443481107553,0.09011812185247739,181,0.00011040000000000001,54.73581270000432
4.023943578402202,0.1233717696989576,0.14756907117863496,0.10456166177988052,0.09114944318930308,182,0.00010880000000000002,54.87362710002344
4.0111436986923215,0.12026917126029729,0.14987618965407212,0.10437635039289793,0.09129081942141055,183,0.00010720000000000002,54.89124779996928
4.014823904037476,0.12185208110759656,0.14873255712290606,0.10427672021090985,0.09225851646314065,184,0.0001056,55.23417750000954
3.952680184841156,0.12282974009712537,0.14773550222317378,0.10250403419137001,0.08978998374193907,185,0.00010400000000000001,54.83007219998399
3.9840177925427755,0.122827229462564,0.14772547461092472,0.10345390804111958,0.09034791165341934,186,0.00010240000000000001,54.93932509998558
3.980583891868591,0.12348013588537772,0.14444131585458914,0.10335540210207303,0.08986655180652936,187,0.00010080000000000001,54.7474253999535
3.958716741402944,0.12142764009535313,0.14692754161854585,0.1022454875210921,0.08984693742046754,188,9.92e-05,54.87256529997103
3.9655217909812928,0.11965360331038634,0.1472940968722105,0.10295409517983596,0.0892580110579729,189,9.76e-05,55.00205549999373
3.9688272945086163,0.12045612893998622,0.14540312311301629,0.1025985602537791,0.08953714321057002,190,9.6e-05,55.072486399963964
3.9867367005348204,0.11493798507998387,0.14603196799755097,0.1031450404971838,0.09044911354780197,191,9.44e-05,55.12293290003436
3.9607850678761802,0.11902894819776218,0.14610149112840493,0.10249514102935792,0.08927068633337816,192,9.279999999999999e-05,54.736653800006025
3.927676428159078,0.11698651780684789,0.149641119937102,0.10060055459539095,0.08774923089891672,193,9.12e-05,55.11726929998258
3.949041580359141,0.12026109625895819,0.14751760520040988,0.1018385074287653,0.08885441229989131,194,8.96e-05,55.27557930001058
3.9583041055997215,0.11554128871609767,0.1443366986513138,0.10155945479869842,0.08902393590658902,195,8.8e-05,54.94433179998305
4.0024221507708235,0.1168400735532244,0.1436028197904428,0.10279832681020101,0.08910751064618429,196,8.640000000000001e-05,54.89664069999708
3.913701050281525,0.11710821767648061,0.14748530477285385,0.10026227767268817,0.08657053615897894,197,8.480000000000001e-05,55.254346999980044
3.9467351881663006,0.1150612140322725,0.14825769024590651,0.10196018805106481,0.08837395695348581,198,8.320000000000002e-05,54.72158599999966
3.9397239605585734,0.11132920442769925,0.14576695300638676,0.10071839429438115,0.0867871941253543,199,8.16e-05,54.949733799963724
3.9321734436353046,0.11396116852760314,0.14670492072900138,0.10067886173725128,0.08774768949796756,200,8e-05,54.70078349998221
3.9187527394294737,0.11604266087214152,0.14941981879373392,0.10029736456771692,0.08748781784127156,201,7.840000000000001e-05,55.113170000026
3.9297512618700665,0.11242755645265182,0.14563694623609383,0.10031974544127782,0.08678900515039761,202,7.680000000000001e-05,55.25306099996669
3.9310913610458376,0.1131044822682937,0.1468263819689552,0.10023597091436386,0.08778567178795735,203,7.52e-05,55.15892419999
3.9340779344240824,0.10840005992601315,0.1481901907424132,0.09976413217683633,0.08733842929204305,204,7.36e-05,55.02424499997869
3.9453388969103496,0.1100549049427112,0.14308796154956022,0.09989842370152474,0.08684343580156564,205,7.2e-05,54.90493899997091
3.9338851308822633,0.1103660994892319,0.144185866912206,0.09982900681595007,0.08697882811228434,206,7.04e-05,54.799866700021084
3.9137278453509015,0.112354752458632,0.14537424261371296,0.09888483564058939,0.08600138454387585,207,6.879999999999999e-05,54.747879299975466
3.944839772383372,0.11137212301294008,0.14617300796012084,0.09986894994974137,0.08733031948407491,208,6.72e-05,54.7600082999561
3.9015868290265403,0.1078786372890075,0.14744269830485185,0.09837816869219144,0.08572424807896217,209,6.56e-05,54.85647810000228
3.916404415766398,0.10848155836264292,0.14699266158044338,0.09843700466056665,0.08613995715975761,210,6.4e-05,55.23124440002721
3.936703963279724,0.11012345712631941,0.14541802510619165,0.09946081521610418,0.08625353757292033,211,6.240000000000001e-05,54.91470840002876
3.8800051323572795,0.1117707069714864,0.14537573628127576,0.0980057663967212,0.08443930010000865,212,6.0800000000000014e-05,54.87193349999143
3.9055591654777526,0.10864571160326401,0.14716917959352335,0.09894214868545533,0.08495123285800218,213,5.920000000000001e-05,54.96247740002582
3.8798016810417177,0.10974065893640121,0.1456953660895427,0.09756594829261303,0.08499807145446539,214,5.760000000000001e-05,54.78486959997099
3.860309267838796,0.10854815501719713,0.14850280580421288,0.09734529818097751,0.08432095802078644,215,5.6000000000000006e-05,54.98654179996811
3.864246144294739,0.10933181888113419,0.14461731173098089,0.09685648185511431,0.08403326903780302,216,5.440000000000001e-05,55.01054019998992
3.887793951034546,0.10890413530170917,0.14604448445141316,0.09811352064212163,0.08477285309384266,217,5.28e-05,54.69833039998775
3.8525106072425843,0.11081727194289366,0.14494219074646633,0.09628758651514847,0.08441048423449199,218,5.1200000000000004e-05,54.63315780000994
3.8851215863227844,0.10810048366586367,0.14387078690032165,0.0967921890070041,0.08422556898246208,219,4.96e-05,54.898484500008635
3.844075093269348,0.10885410606861115,0.14305314204345146,0.09575853489339352,0.08313573585202297,220,4.8e-05,54.71975540003041
3.88982856909434,0.10656381875276566,0.14489038082460562,0.09709482590357463,0.08370124244441589,221,4.6399999999999996e-05,54.844054600049276
3.8810943031311034,0.10517565170923869,0.14648287599285445,0.0966063828766346,0.0845174324264129,222,4.48e-05,54.84557310002856
3.8378680682182313,0.1082498728359739,0.1450305971999963,0.09571733231345812,0.08226847022771835,223,4.319999999999999e-05,54.85474989999784
3.897218310832977,0.10702889355520408,0.14878564034899075,0.09707804058988889,0.08442434611419837,224,4.1599999999999995e-05,54.812256400007755
3.8763997157414756,0.10576558409879605,0.14405833904941875,0.09633295769492785,0.0830690096070369,225,3.999999999999999e-05,54.75427280005533
3.8713590486844383,0.10653385686377684,0.14541002869606018,0.09584655046463013,0.08272634729743004,226,3.839999999999999e-05,54.97794700000668
3.8592675709724427,0.10444563325494528,0.14361655299862225,0.09525287081797917,0.08299224806328614,227,3.6800000000000014e-05,55.26829189999262
3.8513776326179503,0.10333999127149582,0.1427722697953383,0.09491381486256917,0.08236303966492414,228,3.520000000000001e-05,54.95367730001453
3.8384906029701233,0.10536779674390952,0.14202031433582307,0.09410676824549834,0.08167620208114386,229,3.360000000000001e-05,54.89781230001245
3.831184998353322,0.10656514714161555,0.1457153949389855,0.09476372261842092,0.08220620531588793,230,3.2000000000000005e-05,54.92709599999944
3.8255813829104106,0.10593592832485835,0.1427007257193327,0.0943207963804404,0.08170747445275386,231,3.0400000000000007e-05,54.78227319999132
3.864051018555959,0.1035070522253712,0.14376692672570546,0.09491226057211558,0.0816251988708973,232,2.8800000000000005e-05,54.78338049998274
3.8595174145698548,0.10039818926403919,0.14646680963536104,0.09451411592463653,0.08194033450136583,233,2.7200000000000004e-05,54.88270060002105
3.8741262698173524,0.10416468328485887,0.14372447073459627,0.09506848812103272,0.08283307498941819,234,2.5600000000000002e-05,54.702831500035245
3.8734815724690757,0.10497605531165997,0.1444626056899627,0.09473179168999195,0.08343442779034377,235,2.4e-05,54.72702619998017
3.8313560247421266,0.10330832783132791,0.1440939337015152,0.09375275673965613,0.08069654619942108,236,2.24e-05,55.130128999997396
3.8402726674079894,0.10295178896437089,0.14318777812023958,0.09334906627734502,0.08115831904113292,237,2.0799999999999997e-05,56.23896360001527
3.8193214853604633,0.10315112644185623,0.14289809364825487,0.09255708893140158,0.08125889821598928,238,1.9199999999999996e-05,55.811299599998165
3.84367641210556,0.10140203020224968,0.14536984739204248,0.09347647911558549,0.08115821671982607,239,1.7599999999999994e-05,55.49312599998666
3.8792922536532086,0.09994461597253879,0.14064860502878826,0.09433313931028048,0.08218768741935492,240,1.5999999999999992e-05,55.12639009999111
3.7951458899180093,0.1022698855275909,0.1457936700930198,0.09186479995648066,0.07961213151613872,241,1.4399999999999991e-05,55.1128501999774
3.835754357179006,0.10225833388666312,0.14288511080046495,0.09259212901194891,0.08135988576958576,242,1.279999999999999e-05,56.72169139998732
3.8436813791592916,0.10200978215783835,0.144046625867486,0.09331029879550139,0.08126749684413274,243,1.120000000000001e-05,56.2673577000387
3.828637030124664,0.10049464965860049,0.14224170938134192,0.09222203234831493,0.08042800472428402,244,9.60000000000001e-06,56.11785689997487
3.851529533068339,0.09927786496778329,0.13963023064037164,0.09280127609769503,0.0810028355071942,245,8.000000000000008e-06,55.95461150002666
3.8212501509984333,0.1000594404960672,0.1450288120408853,0.09214146646360556,0.08081157281994819,246,6.400000000000006e-06,55.948954200022854
3.825585583051046,0.10054658071448405,0.14305949394901593,0.09197513736784459,0.08098754984637102,247,4.800000000000005e-06,55.836172999988776
3.823543791770935,0.09748920254409313,0.140565982585152,0.09143065143376589,0.08089770584056775,248,3.200000000000003e-06,55.913476400019135
3.7943941553433738,0.09949755632628997,0.1437074990818898,0.09127406025926273,0.079413877290984,249,1.6000000000000014e-06,55.891871300002094
3.8089458767573037,0.10155587015052636,0.1447368428359429,0.09209130622446537,0.08043999611089626,250,0.0,56.09864089998882
