Metric,Direction,Value,Std,N
FID,Monet -> Photo,199.26746723115008,,30.0
FID,Photo -> Monet,220.99554232054717,,30.0
KID,Monet -> Photo,0.030130817890167236,2.2031476429246397e-07,30.0
KID,Photo -> Monet,0.02908569574356079,2.115755003607136e-07,30.0
Generative Precision,Monet -> Photo,0.6333333333333333,,30.0
Generative Recall,Monet -> Photo,0.5333333333333333,,30.0
Generative Precision,Photo -> Monet,0.5333333333333333,,30.0
Generative Recall,Photo -> Monet,0.6,,30.0
Cycle L1,Monet -> Photo -> Monet,0.14638197173674902,0.05993410451637411,30.0
Cycle L1,Photo -> Monet -> Photo,0.11347045519973442,0.050755619013298975,703.0
Translation LPIPS,Monet -> Photo,0.2824158956607183,0.09440799550832749,30.0
Translation LPIPS,Photo -> Monet,0.3598129307350427,0.10941284621149233,703.0
Cycle LPIPS,Monet -> Photo -> Monet,0.3696919043858846,0.14055274539361723,30.0
Cycle LPIPS,Photo -> Monet -> Photo,0.26953546323443883,0.09776894416238087,703.0
Content Cosine,Monet -> Photo,0.6895725011825562,0.08144569621843242,30.0
Content Cosine,Photo -> Monet,0.6447383366938505,0.13545778247473939,703.0
Parameter Count,Overall,28275336.0,,
Training Time (minutes),Overall,36.01,,200.0
Mean Input Throughput (images/sec),Overall,50.46140510608666,1.0332381395538837,200.0
Peak GPU Memory (GB),Overall,4.8861002922058105,,
Optimization Steps,Overall,13400.0,,
Non-finite Loss Steps,Overall,0.0,,13400.0
Non-finite Gradient Steps,Overall,0.0,,13400.0
Max Gradient G_A2B,Monet -> Photo,156.85871640887817,,13400.0
Max Gradient G_B2A,Photo -> Monet,156.0666079490755,,13400.0
Max Gradient D_A,Monet discriminator,198.70077269691015,,13400.0
Max Gradient D_B,Photo discriminator,111.29189542025944,,13400.0
