class,word,log_odds_pos_vs_neg,count_neg,count_pos
negative,unethical,-4.626,271,1
negative,blandest,-4.581,129,0
negative,disrespected,-4.344,204,1
negative,poorest,-4.278,95,0
negative,unprofessionalism,-4.168,85,0
negative,dishonesty,-4.168,85,0
negative,humiliated,-3.783,116,1
negative,livid,-3.739,279,4
negative,argues,-3.703,53,0
negative,argumentative,-3.665,155,2
negative,rudest,-3.646,560,10
negative,unknowledgeable,-3.646,50,0
negative,unedible,-3.636,100,1
negative,unprofessional,-3.623,3640,72
negative,ontrac,-3.581,238,4
negative,disputing,-3.553,92,1
negative,unacceptable,-3.548,1988,42
negative,uneatable,-3.542,91,1
negative,appalled,-3.523,676,14
negative,rudely,-3.507,1641,36
positive,huli,3.671,1,58
positive,yummo,3.505,2,74
positive,delicioso,3.485,3,97
positive,montagu,3.364,6,151
positive,tonya,3.299,2,60
positive,phenominal,3.119,2,50
positive,addicting,3.054,25,413
positive,mazing,3.046,9,157
positive,mmmmmm,2.925,13,195
positive,versatile,2.866,4,65
positive,creamiest,2.812,3,49
positive,unmatched,2.812,7,99
positive,chaleureux,2.771,3,47
positive,excellently,2.771,10,131
positive,goooood,2.714,5,67
positive,yummmm,2.711,9,112
positive,unassuming,2.677,36,403
positive,yumm,2.674,17,195
positive,scrumptious,2.672,57,629
positive,sinful,2.666,14,161
