step,fid_a2b,fid_b2a,fid_avg,mifid_avg,seconds
5000,197.44753758146817,155.78466620335632,176.61610189241225,0.43282167613506317,27.163947900000494
10000,146.47560100777534,140.05077641270256,143.26318871023895,0.42068150639533997,22.58656590001192
15000,130.95004792158386,130.58220469758584,130.76612630958485,0.41710130870342255,22.633916399994632
20000,123.74279127486167,120.64046221669557,122.19162674577862,0.41580668091773987,22.711747299996205
25000,119.60439128204686,116.11315576174837,117.85877352189762,0.4153812974691391,22.968827999997302
30000,116.06379004216063,111.68814657378334,113.87596830797199,0.41142141819000244,22.753900800002157
35000,112.03909776123393,111.04250320652977,111.54080048388185,0.4132658392190933,22.293226499998127
40000,112.98729980305211,111.6905026175325,112.3389012102923,0.41517895460128784,23.10955599999579
45000,112.89395827440002,112.56590396471066,112.72993111955535,0.4160272777080536,27.31397659999493
50000,109.8087314213107,108.2117611434889,109.0102462823998,0.4143717885017395,22.289018600000418
55000,109.31614061839517,107.42979571740463,108.3729681678999,0.41473399102687836,22.753863000005367
60000,107.17693233855834,107.7052804278113,107.44110638318483,0.41086405515670776,22.62775590000092
65000,107.01940724656279,105.26807486629913,106.14374105643097,0.4114838093519211,22.315737099997932
70000,108.1547859856071,105.58384367644712,106.86931483102711,0.4129449129104614,22.38585510000121
75000,104.62636482405907,103.93792503548131,104.2821449297702,0.41212932765483856,22.467038399990997
80000,103.83295580445045,102.10991603983868,102.97143592214456,0.41040749847888947,22.034616799996
85000,102.9188465459437,101.06897058901669,101.99390856748019,0.4095922112464905,22.207020400004694
90000,103.19322642426701,100.36183765144276,101.77753203785488,0.41095443069934845,22.494220299995504
95000,103.2819440970558,100.38238057768281,101.83216233736931,0.41020868718624115,22.24238769999647
100000,103.47054463350429,99.70522123949863,101.58788293650146,0.41034670174121857,22.419745999999577
105000,103.15776764247391,100.33866422060062,101.74821593153726,0.4121641367673874,27.33432380000886
110000,103.08309905054635,100.9587776065786,102.02093832856247,0.413352370262146,22.810994399987976
115000,101.34762487603919,100.71492869232674,101.03127678418296,0.411444753408432,22.937486499999068
120000,102.77861253775444,99.33023090277413,101.05442172026429,0.4115452915430069,23.78704629999993
125000,101.5145113011437,97.6242970793156,99.56940419022965,0.4121284484863281,24.282709699997213
130000,102.02760443356081,98.15017477944602,100.08888960650341,0.4122381955385208,22.95805789998849
135000,101.87165094313005,98.4381309950785,100.15489096910427,0.41201311349868774,22.931197600002633
140000,102.84221738261627,98.0072422013613,100.42472979198878,0.41239944100379944,22.66212039999664
145000,102.29174779004188,98.14461178525707,100.21817978764948,0.4118112325668335,22.802172700001393
150000,101.25086009118559,98.58179292703572,99.91632650911066,0.41197262704372406,23.18078150000656
