metric,setting,value
train_loss_eval_mode,all,0.7039939925074578
val_loss,all,0.7392010305404663
val_perplexity,all,2.0942615948235246
val_bpc,all,1.066441660980742
generalization_gap,all,0.03520703803300851
train_top1_accuracy,all,0.7757291666666667
val_top1_accuracy,all,0.7671175
param_count,all,2267904
train_tokens_per_sec,all,573182.6523378068
peak_memory_mb,all,598.62158203125
total_train_time_sec,all,369.90371540002525
nonfinite_steps,all,8
max_grad_norm,all,3.197147846221924
best_epoch,all,12
epochs_completed,all,12
vocab_size,all,85
distinct_1,greedy,0.18315018315018314
distinct_2,greedy,0.41035120147874304
distinct_3,greedy,0.5466417910447762
repeated_4gram_rate,greedy,0.2766821101474567
generation_tokens_per_sec,greedy,420.90106289216504
distinct_1,temp_0.8,0.3290203327171904
distinct_2,temp_0.8,0.7444029850746269
distinct_3,temp_0.8,0.911487758945386
repeated_4gram_rate,temp_0.8,0.01866873866873867
generation_tokens_per_sec,temp_0.8,393.51975281787946
distinct_1,temp_1.0,0.4153543307086614
distinct_2,temp_1.0,0.8131212723658051
distinct_3,temp_1.0,0.9558232931726908
repeated_4gram_rate,temp_1.0,0.0
generation_tokens_per_sec,temp_1.0,391.3910409326815
distinct_1,temp_1.0_topp0.9,0.322265625
distinct_2,temp_1.0_topp0.9,0.7199211045364892
distinct_3,temp_1.0_topp0.9,0.8924302788844621
repeated_4gram_rate,temp_1.0_topp0.9,0.0515293665288859
generation_tokens_per_sec,temp_1.0_topp0.9,356.0652193916397
distinct_1,temp_0.9_topk50,0.3930635838150289
distinct_2,temp_0.9_topk50,0.8035019455252919
distinct_3,temp_0.9_topk50,0.9351669941060904
repeated_4gram_rate,temp_0.9_topk50,0.007695153533111357
generation_tokens_per_sec,temp_0.9_topk50,370.69204867904244
