metric,setting,value,notes
val_loss,all,0.83016141,"nats per character, fixed validation windows"
val_perplexity,all,2.2936889,exp(val_loss)
val_bpc,all,1.1976698,val_loss / ln 2
train_loss_eval_mode,all,0.8106472,"fixed train windows, dropout off"
generalization_gap,all,0.019514208,val_loss - train_loss
val_top1_accuracy,all,0.73877187,argmax(logits) == target
train_top1_accuracy,all,0.74376562,"fixed train windows, dropout off"
param_count,all,830976,
train_tokens_per_sec,all,645881.16,mean over training steps
peak_gpu_memory_mb,all,324.36914,torch.cuda.max_memory_allocated; 0 on a CPU run
total_train_time_sec,all,304.9412,"wall clock, includes per-epoch validation"
nonfinite_steps,all,7,steps with NaN/inf loss or grad norm
max_grad_norm,all,5.3426328,largest finite grad norm before clipping
best_epoch,all,15,
epochs_completed,all,15,
checkpoint_evaluated,all,best,saved at epoch 15
split_unit,all,sequences,"train_size=100000, val_size=10000"
vocab_size,all,83,
distinct_1,greedy,0.45719824,"mean over 5 prompts, words-grams of the continuation"
distinct_2,greedy,0.64936973,"mean over 5 prompts, words-grams of the continuation"
distinct_3,greedy,0.71087595,"mean over 5 prompts, words-grams of the continuation"
repeated_4gram_rate,greedy,0.32017781,"mean over 5 prompts, words-grams of the continuation"
generation_tokens_per_sec,greedy,273.24637,"new characters / generation time, batch size 1"
distinct_1,temp_0.7,0.64697239,"mean over 5 prompts, words-grams of the continuation"
distinct_2,temp_0.7,0.90509278,"mean over 5 prompts, words-grams of the continuation"
distinct_3,temp_0.7,0.96909842,"mean over 5 prompts, words-grams of the continuation"
repeated_4gram_rate,temp_0.7,0.023242323,"mean over 5 prompts, words-grams of the continuation"
generation_tokens_per_sec,temp_0.7,235.03419,"new characters / generation time, batch size 1"
distinct_1,temp_1.0,0.72629944,"mean over 5 prompts, words-grams of the continuation"
distinct_2,temp_1.0,0.95099315,"mean over 5 prompts, words-grams of the continuation"
distinct_3,temp_1.0,0.98811881,"mean over 5 prompts, words-grams of the continuation"
repeated_4gram_rate,temp_1.0,0.012,"mean over 5 prompts, words-grams of the continuation"
generation_tokens_per_sec,temp_1.0,355.54242,"new characters / generation time, batch size 1"
distinct_1,temp_1.2,0.78887613,"mean over 5 prompts, words-grams of the continuation"
distinct_2,temp_1.2,0.97363513,"mean over 5 prompts, words-grams of the continuation"
distinct_3,temp_1.2,0.99187754,"mean over 5 prompts, words-grams of the continuation"
repeated_4gram_rate,temp_1.2,0.0040816327,"mean over 5 prompts, words-grams of the continuation"
generation_tokens_per_sec,temp_1.2,361.52404,"new characters / generation time, batch size 1"
distinct_1,temp_0.7_topk40,0.64697239,"mean over 5 prompts, words-grams of the continuation"
distinct_2,temp_0.7_topk40,0.90509278,"mean over 5 prompts, words-grams of the continuation"
distinct_3,temp_0.7_topk40,0.96909842,"mean over 5 prompts, words-grams of the continuation"
repeated_4gram_rate,temp_0.7_topk40,0.023242323,"mean over 5 prompts, words-grams of the continuation"
generation_tokens_per_sec,temp_0.7_topk40,230.13346,"new characters / generation time, batch size 1"
distinct_1,temp_1.0_topk40,0.72629944,"mean over 5 prompts, words-grams of the continuation"
distinct_2,temp_1.0_topk40,0.95099315,"mean over 5 prompts, words-grams of the continuation"
distinct_3,temp_1.0_topk40,0.98811881,"mean over 5 prompts, words-grams of the continuation"
repeated_4gram_rate,temp_1.0_topk40,0.012,"mean over 5 prompts, words-grams of the continuation"
generation_tokens_per_sec,temp_1.0_topk40,245.27671,"new characters / generation time, batch size 1"
distinct_1,temp_1.2_topk40,0.79881203,"mean over 5 prompts, words-grams of the continuation"
distinct_2,temp_1.2_topk40,0.97585735,"mean over 5 prompts, words-grams of the continuation"
distinct_3,temp_1.2_topk40,0.99187754,"mean over 5 prompts, words-grams of the continuation"
repeated_4gram_rate,temp_1.2_topk40,0.0040816327,"mean over 5 prompts, words-grams of the continuation"
generation_tokens_per_sec,temp_1.2_topk40,213.37531,"new characters / generation time, batch size 1"
