epoch,train_loss_running,val_loss,val_ppl,val_bpc,val_top1,lr,seconds
1,1.6914395174611605,1.066014436340332,2.9037831936466296,1.5379337408242408,0.6703925,0.0007950242543754429,30.662743200024124
2,1.0550390925192226,0.9348806138992309,2.5469093740085085,1.3487476254956503,0.7077575,0.000766182953052158,28.72240829997463
3,0.9596102144417142,0.8799556516647339,2.41079278939955,1.2695076548589277,0.724113125,0.0007136277217615685,29.399052300024778
4,0.9089349675109852,0.8448269102096557,2.327574900249568,1.2188275937690158,0.7338475,0.0006411793949849947,34.3766688000178
5,0.874799744274773,0.8210685949325561,2.272927378951392,1.184551590138868,0.742135625,0.0005541050614263434,35.15304720000131
6,0.8479243047639148,0.8008803248405456,2.2275009900743377,1.1554260729929973,0.748185625,0.00045873513973146413,31.904857699992135
7,0.8259225861990732,0.7833540143013,2.1888012385442246,1.1301409516929477,0.75378375,0.0003620031487213054,29.999702500004787
8,0.8079387767350393,0.7689236639022827,2.157442869998557,1.1093223567339954,0.757745,0.0002709416314486184,30.01310649997322
9,0.7929089561255003,0.7572731694221496,2.1324534459826614,1.092514246123603,0.761465,0.0001921708800626857,30.344295700022485
10,0.780897182595312,0.7491565725326538,2.115215233423677,1.0808044720422327,0.764026875,0.00013141763185728383,30.424531400029082
11,0.7719761668290877,0.7423724861145019,2.1009139957530287,1.0710171042098027,0.76598375,9.309872793262438e-05,29.134349400002975
12,0.7664243439556714,0.7392010305404663,2.0942615948235246,1.066441660980742,0.7671175,8.000000303448571e-05,28.21111050003674
