,bucket,true_label,predicted_label,positive_probability,token_len,text
29330,confident_fp,0.0,1,0.9999502,18,"Wow love the place and everything is very clean and new!\n\nGreat place to come and relax worth a try!\n\nCheers,\n\nEric Van Nguyen\nVisited April 2012"
27375,confident_fp,0.0,1,0.9998834,47,"We had dinner here for four. Had an artichoke appetizer with pita chips, club sandwich and shared a huge sundae for dessert. The service was awesome; space impressive. But, I have to say that when a gem from NYC gets transported to Vegas, and gets \""""blown up\"""" into Vegas standards with all the glam, size, \""""in your face\"""", and over-the-top stuff that makes Vegas what it is, that NYC gem looses something and just isn't the same. \n\nWe were looking to be awed by this chocolate place and weren't. Maybe we should have ordered some chocolate pieces?"
10515,confident_fp,0.0,1,0.9998679,39,Honestly my fav place for buffet at Vegas is the Wynn....similar in price but the food served here somehow for me missed it's mark.....and I am more into main meal as opposed to dessert but If I had an amazing meal I will be tempted to go further and try something sweet......well after having a few things here including their crab legs which were too salty...... I just couldn't continue on with dessert...... I was done.\n\nThe happiest place for me in Vegas is the Wynn......
24323,confident_fp,0.0,1,0.9997751,94,"On the way back and forth from the Ritz and the Bank of America Corporate Center I walked past Ivy & Leo for a few days and loved what I saw in the windows. It is usually closed when I walk past so I made a plan to come by during my lunch break to check it out. The boutique has a lot of beautiful clothes and accessories for women. The accessories range for $10-$60 and the clothes may have been a little overpriced for my penny-pinching self. I found a dress that I currently own for $35 when I got it for $20 in NY. There were a couple of pieces from Forever Twenty-One that I know is half the price in Dallas. I also found that their t-shirts are the same ones that I can find at Marshalls for $5. I actually own a few of the same t-shirts. It is a fairly small boutique but has really cute stuff. I've been eyeing a couple of bags and scarves but since I'm so frugal and know I can find it cheaper in Dallas I didn't buy anything. Plus, I brought only a carry-on and my laptop bag. I may not have room in my luggage if I went on a shopping spree."
37771,confident_fp,0.0,1,0.99972934,39,"I have to say I love cafe rio! Their food is simple yet delicious, the service is great as well as consistent, and my appetite and tummy are always satisfied. However I've been to this location 3 different times and have not experienced any of these.. Even though it may be convenient for many of us here in henderson, please listen to the other reviews and DO NOT EAT AT THIS LOCATION ! New management is highly needed"
2077,confident_fn,1.0,0,3.0016552e-05,58,6 months ago my grandma had us goto coco's. yuk. So when we came to visit again i told my wife anything but coco's dennys etc... It was funny because we where suggesting chilis and black angus and she would bring up coco' each time. but i told my wife i am done with those type of places. So we got to goto chili's :-) i ordered the memphis dry rub ribs. Ive had them before and i love the flavor. The ribs where kind of dry and i had to rip the meat off the bone. It wasnt as dry as famous daves though. The ribs i got near home at chilis are a 5 but i can only give this one a 4.
30793,confident_fn,1.0,0,3.1585296e-05,45,"This place is so much better since they changed owners.\n\nMy wife and I went when it was the old owners, it was terrible.  We waited forever and the food never came before we walked out.  People were served before us that walked in after and my wife actually got her soup before me and I sat and waited while they \""""made more\"""".\n\nIt was horrible.\n\nNow its much better.  The staff are very friendly, they treat their customers very well and I have nothing but positive things to now say about this place.  Its much better with the new owners."
20252,confident_fn,1.0,0,6.5538785e-05,104,"My boyfriend and I came here for Sunday brunch after finding out that the wait at Lawrence would be 25 minutes (they called an hour later saying a table was ready. An hour.) \n\nI had always heard good things about La Cantine and was eager to try it out. There wasn't much of a wait, however the staff seemed really disorganized- 2 separate servers came to ask how many people we were, and 3 different servers came to ask us for a drink order. \n\nThe food itself was good. It seemed like a mish-mash of random food thrown together, but it's all good. We had the scrambled eggs-stuffed croissant and the eggs benedict on toasted pistachio and nut bread (unfortunately, very burnt). Both dishes were served with fruit, a scoop of mashed potatoes (a nice change from the usual roasted potatoes) and some leafy greens.\n\nThe tables are well-spaced apart and the music is at a tolerable level (vs. L'Avenue where the tables are claustrophobically close and the music deafeningly loud). \n\nAll in all, a good experience, it's just frustrating to have to repeat the same thing to 3 different servers."
21813,confident_fn,1.0,0,9.4125164e-05,280,"Our flight arrived to Vegas earlier than excepted, so we expected our room not to be ready. When we arrived at the hotel on May 19th, the front desk girl offered us a room that was ready on the 28th floor that wasn't facing the Bellagio fountain. I booked a corner view suite had requested a room on a high floor with a Bellagio fountain view when I first made the reservation. There are 56 floors at the hotel. She then said there was a room on the 30th floor with a view of the Bellagio fountain, but it wasn't ready. She continued to look for rooms, which she then said that there was a room on the 50th room with a Bellagio fountain view, but it wasn't ready yet either. We agreed to wait for that room to be cleaned, which she said it would be couple of hours before it would be ready. We waited a couple of hours by walking around the area before calling to check to see if the room was ready yet. I was transferred to housekeeping, who said it wasn't ready yet and they would call me back when it was. After eating and walking around some more for a couple more hours without hearing back from anyone, we decided to go back to the hotel and was told that the room was ready. It would of been nice if they had called me as they told me they would\n\nUpon inspecting the room, we found a dirty fork and knife in the dishwasher, as well as trash in a trash can underneath the kitchen sink. When housekeeping called to see if the utensils were delivered, which I requested upon check-in and had been delivered, I told them about the trash and dirty utensils. They said they would send someone up to take care of it. No one ever showed up, so the trash and dirty utensils were left until the next day when housekeeping came to clean the room. The room did have a great view of the fountain, strip, and mountains!!!\n\nOn the evening of Thursday May 20th, I called concierge to attempt to change reservation time for dinner at Jean Georges Steakhouse at Aria. I held on the phone for 30 mins waiting for someone to answer, but no one ever did, so I hung up and decided to call the restaurant directly myself. \n\nThe hotel is a nice hotel, which unlike some other reviewers, I feel that it IS within a short walk to the Bellagio, Aria, The Cosmopolitan, and the strip. I would suggest going to the 24hr CVS, which is a short walk and is located a block south of CityCenter on the strip to grab snacks and drinks, since the market inside the hotel has limited choices and closes at a certain time.\n\nThe Clark County fire station is located adjacent to the property. They tend to stay busy, which on one of the late nights/early morning hours, they seemed to respond to several calls in a span of 4 to 5 hours. The windows are not sound proof, so you will hear the sirens, which may interrupt your sleep if you're a light sleeper.\n\nThe entire property is nice, which I would stay there again, especially with it being a non-smoking/non-gaming hotel."
11401,confident_fn,1.0,0,0.00010137576,54,"Perhaps my expectations were too high because of all the hype I'd heard, but I have to say I was a little disappointed. We did a girls' night out and were so excited about this new great wine/chocolate combo thing, but after waiting forever for a table we waited forever for a waitress, who utimately messed up our order and brought us first the wrong food and then cold food. When they finally got the food right, it was actually pretty goos, but by that time were were kind of over it. As for dessert, we ended up going with these chocolate martinis that were pretty rockin. My suggestion is head there for drinks but not for food."
20644,near_threshold,0.0,1,0.50004953,7,"Still not the most wonderful experience, but hey - it's a chain store."
7137,near_threshold,0.0,1,0.500058,26,"Whoa...... International???   This tiny, efficient airport does not have much more to offer than that.   No restaurants, a few cheap shops.  I guess they know all the action is on the outside, so why try???  :)  But, it does have slot machines in the middle of the airport - now there's something you don't see every day!"
27353,near_threshold,1.0,0,0.49991325,70,"I had a nongoing feud with Lucky Strike. That is, they didn't really know about it until about a year later but, on Facebook, I tried to dissuade people from going there because of their policy denying fashion defining jorts (mens jeans shorts). \n\nThat said, Gabi and Jared invited us for a bowl/drink and all was forgiven when you go somewhere (ANYWHERE) with Royalty. \n\nI got so sloppy drunk. Gabi says we're serious bowlers, and while that may be true in the most proudly white trash sense, that night I could not see straight. Nor bowl. Jared likely benzodiazepined me. \n\nI would describe Lucky Strike like this: Scottsdale type crowd, very reasonably priced drinks, and very, very expensive bowling."
22591,near_threshold,1.0,0,0.4998826,48,"Free Wifi! \n\nThis place is right across the street from the Waterloo Hotel and it's one of the 2 places that accepts breakfast voucher from the hotel. The distance and the free wifi made it perfect for travelers who wants breakfast but doesn't want to venture out (especially in the winter).\n\nThe coffee is very average, and food is what you'd expect from a coffee bar (nothing too impressive). \n\nFor locals, it's a good place to do some work. Not super crowded or loud. If you come here for the coffee though, you might be disappointed."
31065,near_threshold,0.0,1,0.5003824,22,This place is dirty and has a very distinct oder that smells like feet. The food when fresh must taste good but I would not know as everything I had tasted as if it was out all day. On top of that it is expensive... so that's nice. Lol
156,slice_long,1.0,0,0.024206653,197,"My husband and I decided to spend an overnight in Downtown Pittsburgh last minute. We already had dinner reservations and show tickets, we just had to find a hotel room. The Renaissance Hotel is literally next door to the Byham Theatre where we had show tickets. I walked in and there was a wedding on the iconic stairs in the foyer! It was so beautiful with guests not only seated on the lobby space but also in the balconies on the second floor. I came in just as the ceremony was finishing. and when they were pronounced husband and wife, those in the balcony threw flower petals upon the couple. The hotel handled those like myself who were not part of the wedding very professionally so the ceremony would not be disturbed, but still service incoming guests. \n\nCheck in was very swift as my husband went to the restaurant to meet our dinner reservation while I checked into the hotel. I was able to take the luggage to the room and return to the restaurant a couple blocks away without even being late. I really liked the makeup mirror since I have to take off my glasses to apply my makeup.\n\nWe had dinner and enjoyed our show. We got out of the show and went to the bar for a late night bite and a drink. We got there at 10:45pm and waited and waited. At 11:04, a blonde waitress finally came to our table after delivering food to another table. We asked to see a menu, but was informed that the kitchen had closed at 11pm. We finished the drinks we had ordered, but had to pay the bartender because the waitress had left for the night. The bartender was a gentleman as I had two bills stuck together when I paid him and he found us outside to return the other one. We had to go across the street to another establishment to get something to eat.\n\nOther than the snafu in the bar, all the staff from check in to check out were very nice and professional. The room was very clean and comfortable. As the need comes up, I will probably choose this hotel when I need to stay Downtown again. It is so close to PNC Park across the Clemente Bridge and it is in the heart of the Cultural District, so all the theaters are very close by. It is also close to public transit so you can get anywhere in Pittsburgh from that spot without having to go too far."
439,slice_long,1.0,0,0.25766808,211,"Thoroughly impressed with this airport. \n\nNot that I'm some great world traveler, but all the more reason.  See, when I booked my virgin transatlantic flight (yes, virgin with a lower case v--as in, I was popping my passport cherry; not capital V, as in going on the airline), I needed an airport that wouldn't drive me batty with traffic.  As fun as it would have been to fly through a big name airport like JFK or LaGuardia, I think I might have regretted it.  In fact, on the return leg, I was even more grateful.  \n\nBeing a noob, I took to the interweb for advice.  I had read in some online travel blog about how I should book 3 hours between connecting flights for the first stop back on US soil to get through customs, get to the new plane, blah, blah, blah.  I read that Charlotte was well organized. My flight only gave me two hours and change BUT there was a later one on the same airline to the same destination if I should happen to miss my connection.  So I felt okay about it. \n\nWhen we touched down on US soil, the flight attendants made an announcement that a Lufthansa flight had also just touched down and that their plane was MUCH larger than ours and that we should head the heck out ASAP if we have connections to get. Panicked, we all made a run for it to customs but were too late.  Stupid Lufthansa people.  As we stood sulking in line, we realized how quickly the line was moving.  Customs agents throughout the room made sure that travelers were in the correct customs lines (\""""US and Canadian passengers ONLY on the LEFT--EVERYONE ELSE ON THE RIGHT\"""").  They came through the line to make sure everyone in line had their documents and KEPT THEM OUT instead of tucking them in some side pocket of some suitcase somewhere only to waste time fumbling for it later. Finally, they segregated people into mini-lines for customs agents to be screened.  All told, we stood in line (behind Lufthansa even!) for just 15 minutes. Take that JFK.  \n\nI might even add that unlike most airport staff, the folks here even seemed to be a bit friendlier.  Customs agents smiled and played with babies.  Volunteers standing in corridors handed us free luggage tags.  Airports of the world could take a lesson from Charlotte-Douglas, I think..."
770,slice_long,1.0,0,0.25439736,239,"I booked a stay at Hotel San Carlos for one night through Groupon for $76 after taxes. Most other hotels in the area go for $120-300, so finding this deal was awesome. My boyfriend and I live in AZ and he wanted to celebrate his birthday by having a staycation downtown so we could have fun with family and friends without worrying about a way to get home at the end of the night. Originally, we were going to book a night at Hotel Palomar but like I said, we weren't looking to spend a lot of money.\n\nI started reading reviews before we checked in and was feeling nervous that I hadn't made a good decision because there were more bad than good things being said. From the moment we got to the hotel to the time we checked out, our stay was anything from dissappointing. The staff was nice and let us check In early. Before we parked we talked to the valet service and asked for advice on parking. They could have given us excuses to use their service but instead, they pointed across the street and let us know that on the weekends, parking in those spots were free. Awesome! Free parking. \n\nOnce we got to our room, everything was clean and the room was a nice temperature. The rooms are small and the bathroom is even smaller but I didn't expect anything else. Its a little ridiculous how many people complained about the raised up part of the floor you have to step over to get in the shower. Wahhh. I barely noticed it, and anyone with a brain should have no problems stepping over it. Also, the shower does fluctuate in temperature when someone flushes a toilet, but it was never an unbearable cold or heat. Once we got settled in we went to the pool, its a cute little pool but by the time we got out there the sun was covered by the building surrounding it, so that was a bummer. \n\nFor lunch, we went next door to McCaffery's. They have great food and our bartender was great. \n\nHonestly, I have no complaints about our stay. Its a cute little hotel and for staying on a Saturday night, there were no dramatic noises going on and I didn't hear anyone talking in another room, having sex, or going to the bathroom. I heard a couple of door slams but I think at any hotel its typical. All the bad reviews are obviously from people who have a case of first world problems. Wahhh, \""""no room service\"""", Wahhh \""""the rooms are too small\"""", Wahhh \""""I couldn't control the room temperature\"""", Wahhh \""""there's something I have to lift my foot up 5 inches from the ground to get over in to the shower\"""", Wahhh,  Wahhh,  Wahhh.  Get over it people. Take your spoiled attitudes over to the Hyatt."
1599,slice_long,1.0,0,0.18055178,215,"This location never really disappoints. The waitstaff is friendly, a manager always asks how things are. I stick with Outback because the food is consistently delicious. \n\nToday I ordered an 8 oz filet, classic cooked, medium. When my steak came out it was...just not what I pictured it normally looking like. It didn't have the dark crusty seared outside. It was thin. It was cooked about medium well/close to well, and probably due to this it was tough. The texture was the worst part because I get the filet for the texture. Despite the fact that it's not usually the MOST flavorful cut, it's worth the sliiiiiight loss in flavor for the tenderness. The classic seasoning & sort of crunchy seared outside completely makes up for the lack of flavor compared with other cuts. \n\nI am NOT the type of person who sends things back, however, my boyfriend confirmed my concerns by telling me that he didn't think it looked like a filet. So, when Andrew the manager came by and asked how things were, I quizzed him about what cut he thought it was. He got it right...8 oz filet. I told him I only asked because it wasn't what I was used to a filet looking/feeling/tasting like. He agreed that it wasn't ideal and insisted on getting me a new one. I told him it wasn't necessary, and if it was the filet I'd eat it despite the lack of the usual Outback perfection. Nope...Andrew wouldn't have that. He brought a new one. The new one was undercooked, but since Andrew waited to see the inside before leaving it with me, he promptly took it back to be fixed.  \n\nThis time it was PERFECT. It was thick like a filet should be, and was cooked exactly medium...red in the center but not bloody. The searing was precisely what I always look forward to at Outback. It was the best steak I've had in a long time.\n\nI was very happy with the way Andrew and our server Shelby made me feel like a valued guest and made me feel like it was OKAY to let them make my order perfect. I don't think I'll become one of those picky sender backer types, but it was nice to know that at this Outback location I don't ever have to settle for anything less than perfect. \n\nBetween Andrew and Shelby, this location has secured me as a customer and I will be back next time I want a fantastic steak!"
1736,slice_long,1.0,0,0.00968969,148,"I mainly fly out of Terminal 2 and 4 (guess my alliance... ha!), so that's what all my opinions are based on.\n\nTerminal 4 is larger/newer and now has the SkyTrain from the economy parking to it, which is surprisingly more convenient than I though, so maybe it's not a complete waste of money. Although, you still need to take shuttles to the rest of the terminals.\nThe signage is rather clear for the most part, but if you are part of any of the premium boarding groups, sometimes the signs are either not very clear or missing. Seems to have gotten better lately though. Baggage claim area has large screens telling you which carousel has your flight's luggage (foreshadowing for Terminal 2 right here). If you are being picked up by someone, remember that there is both a North and a South side of the arrivals area, so be clear where you are going to be right away, besides just naming the door number.\n\nTerminal 2 should just be a regional airport of its own. It sure got the conveniences of one. The signage for initial security check point is Flight Crews, First class and the rest. Do note, First Class is actually for most Premier flyers and TSA PreCheck as well. Not that anyone can tell you that.\nThe 4 baggage claims carousels (in theory) show the flight number of where the luggage is coming from, but so far it at best displays late, or more often is announced over the speaker and for most fun occasions, on the wrong carousel altogether. At the very least, there is only one side to the terminal, so you don't have to tell North/South to your heat stricken friends when they pick you up.\n\nFood/entertainment choices are nothing exception in either of the terminals and are typical airport food."
