epoch,step,train_loss,val_loss,val_perplexity,val_bpc,val_top1_acc,lr,elapsed_sec,nonfinite_steps
1,1562,2.035201,1.262810,3.535342,1.821850,0.610084,9.99321890e-04,19.8,0
2,3124,1.242205,1.050081,2.857883,1.514947,0.671810,9.83045757e-04,39.5,0
3,4686,1.110654,0.983536,2.673895,1.418943,0.692982,9.45806138e-04,59.5,0
4,6248,1.050980,0.947585,2.579474,1.367077,0.703952,8.89405781e-04,79.4,0
5,7810,1.016350,0.920394,2.510280,1.327848,0.712105,8.16574994e-04,99.6,0
6,9372,0.991796,0.902218,2.465065,1.301626,0.718111,7.30839471e-04,119.6,0
7,10934,0.972008,0.890256,2.435754,1.284368,0.721511,6.36349618e-04,140.0,1
8,12496,0.957954,0.878036,2.406169,1.266738,0.725366,5.37679631e-04,160.4,2
9,14058,0.943897,0.867986,2.382108,1.252239,0.728035,4.39606066e-04,181.2,2
10,15620,0.932005,0.857124,2.356373,1.236568,0.731129,3.46876605e-04,202.0,3
11,17182,0.922821,0.849661,2.338853,1.225801,0.733560,2.63980226e-04,223.1,4
12,18744,0.913071,0.843350,2.324140,1.216697,0.735335,1.94929893e-04,243.7,5
13,20306,0.906337,0.837057,2.309561,1.207618,0.737234,1.43068291e-04,263.8,5
14,21868,0.900544,0.832170,2.298301,1.200568,0.738315,1.10906009e-04,283.8,6
15,23430,0.895982,0.830161,2.293689,1.197670,0.738772,1.00000004e-04,304.9,7
