G,D_A,D_B,cycle_A,cycle_B,cycle,identity,epoch,lr,epoch_time,imgs_per_sec
6.3344183818499245,0.2467775111272931,0.2550149391467373,0.26094437601665654,0.2619296810030937,0.26143702850987516,0.2646881014853716,1,0.0002,292.57666277885437,24.60893473736201
5.4657310247421265,0.18510130585481724,0.19282581889381012,0.220166833003362,0.21623851696650187,0.21820267498493195,0.23895894897480804,2,0.0002,289.28910517692566,24.888597154727165
5.149549811681112,0.18023273184895516,0.1903076831623912,0.2091237620015939,0.20413607651988666,0.20662991926074029,0.2301694172869126,3,0.0002,288.19009160995483,24.983509876337795
4.984487744569779,0.19376868061721325,0.19535111589978138,0.20629675013323626,0.1953471109022697,0.200821930517753,0.22832518997291723,4,0.0002,290.0989065170288,24.819121472894487
4.708421943982442,0.19313455729434886,0.19341333612799644,0.195012776752313,0.18313984240094822,0.1890763095766306,0.22099082209169865,5,0.0002,301.69902658462524,23.86484332252372
4.549099551836649,0.1858518560603261,0.18875944409519435,0.18765833703180154,0.17751529042919476,0.18258681373049815,0.21474068264166515,6,0.0002,303.13979291915894,23.751418217535335
4.444284889300664,0.1797417841355006,0.18994751879324515,0.18232194883128008,0.17146504513919353,0.17689349698523682,0.20984460691610973,7,0.0002,303.0851390361786,23.75570119635774
4.327710226774216,0.17843262995282808,0.18789347622543573,0.17557526578505833,0.16860701979448398,0.17209114278977117,0.20472532838582994,8,0.0002,302.88193106651306,23.771639247832436
4.208368425369263,0.17893554098904133,0.18613037248452505,0.17115645577510197,0.16117133184025684,0.1661638938076794,0.20007354718943438,9,0.0002,302.8528380393982,23.77392282869527
4.1389150436719255,0.17580831152697404,0.1859971431394418,0.1672533218562603,0.1583835251753529,0.1628184235158066,0.1958764347185691,10,0.0002,302.9794418811798,23.76398859043262
4.096317721605301,0.1730413011709849,0.1801485805461804,0.16214798394590615,0.1575905990228057,0.1598692914843559,0.193033025637269,11,0.0002,302.66246223449707,23.788876713827754
4.036771663427353,0.17027863580733538,0.1769698127359152,0.16056591206540663,0.15300096010168393,0.15678343608354528,0.18924991530676682,12,0.0002,302.40235137939453,23.809338674641676
4.002238233089447,0.16941532352318367,0.17404382083564995,0.1594347350547711,0.1510180691132943,0.1552264020840327,0.18882602403561274,13,0.0002,302.40479159355164,23.80914654843561
3.945833658774694,0.16701747824748356,0.17610510407636562,0.15467614214867353,0.14962118035803237,0.15214866125335297,0.18530532367527486,14,0.0002,302.90549182891846,23.769790229047985
3.907268331448237,0.1612343326335152,0.17516565470645826,0.1536078269779682,0.14658410773923,0.1500959673585991,0.18467424526810647,15,0.0002,302.7153844833374,23.784717820961344
3.9159862959384917,0.15845715741316477,0.17061503985275825,0.1522338726868232,0.14727941778798898,0.1497566452374061,0.1826211262991031,16,0.0002,302.8853368759155,23.771371946439448
3.848025556405385,0.15553162943571805,0.16994603348275025,0.14923165614406267,0.14410063541183868,0.14666614577795067,0.181738036647439,17,0.0002,302.7349147796631,23.78318340069996
3.8159113156795503,0.1559672846396764,0.17000440979997317,0.1477188773577412,0.14175107855349778,0.1447349779556195,0.1768899578601122,18,0.0002,302.6756076812744,23.78784354364556
3.8116429169972736,0.15464159147193035,0.16820078869660696,0.14777688772728045,0.13959607065965732,0.14368647919346889,0.17793313324451446,19,0.0002,302.783593416214,23.779359769017265
3.7543609837690988,0.15642428431659938,0.16535698792586723,0.14348458141088485,0.1382812865699331,0.14088293399040897,0.17735824753840765,20,0.0002,302.91409277915955,23.769115309036422
3.7352846399943034,0.15595698437343042,0.16519864482184252,0.14307587381452322,0.13703493839750688,0.14005540610601505,0.17647589375575384,21,0.0002,301.7182729244232,23.86332100543182
3.76415376663208,0.15097753855089346,0.16592796035110952,0.14283150522659221,0.13805819844206174,0.14044485183432698,0.17645039891203246,22,0.0002,301.58074021339417,23.874203620912212
3.739906593958537,0.14932867125918467,0.16636514091243346,0.1411080488314231,0.1370530732596914,0.13908056104555727,0.17424870704611142,23,0.0002,301.28636741638184,23.897529986975822
3.6953194880485536,0.14956417864809435,0.1639933163424333,0.13835905625174444,0.13527422298987707,0.13681663962081075,0.17199321694672107,24,0.0002,301.5675096511841,23.875251045207314
3.696012279589971,0.1480318884551525,0.16806260470300913,0.1398223082224528,0.1335735986630122,0.1366979534427325,0.1721418308466673,25,0.0002,301.51313757896423,23.879556485708253
3.682103674809138,0.14768431302160023,0.16665534696231285,0.13693872753530742,0.13444108710934718,0.1356899073223273,0.17172002534071604,26,0.0002,301.97341108322144,23.84315882041594
3.631345009803772,0.14335590505351622,0.1643131382763386,0.13565021339803934,0.1313037604962786,0.13347698694715898,0.16893026401599248,27,0.0002,301.8023159503937,23.8566757757533
3.6348662118117017,0.14287349479893843,0.16557938537249964,0.13503613802293937,0.13097699850797653,0.13300656826545795,0.16871303774416446,28,0.0002,301.78626680374146,23.857944485864646
3.6202992272377013,0.14100301653146743,0.16738464151819546,0.13357182197272777,0.13039664026349784,0.1319842311181128,0.1679504652072986,29,0.0002,301.61232256889343,23.871703711161857
3.5833551438649494,0.14175567789624136,0.16528524608661732,0.1318697792167465,0.1289357767874996,0.13040277800212305,0.16752495370805265,30,0.0002,301.7535276412964,23.860532986241868
3.600808775027593,0.14138622978081306,0.1642243450631698,0.1327656818802158,0.1287388276308775,0.13075225475554664,0.16713527438541254,31,0.0002,301.7484757900238,23.860932457568495
3.5901188611984254,0.1354333217566212,0.1636004746456941,0.13193035759031774,0.12748942214995623,0.12970988987013699,0.16473166711628437,32,0.0002,301.7334761619568,23.862118620657682
3.5939858603477477,0.1354130881652236,0.16221032073100408,0.13010197458167871,0.12845251217484474,0.12927724337826174,0.16558435139556726,33,0.0002,301.8985769748688,23.84906902227418
3.5674606370925903,0.13319030502190193,0.16240211591124534,0.12965659009913602,0.12617708558837573,0.12791683784375588,0.1651261579245329,34,0.0002,301.87354588508606,23.851046566169856
3.5613150227069856,0.12847836051136255,0.16453894175589084,0.12874295403560002,0.12614740932981172,0.12744518168270585,0.16424253600339095,35,0.0002,301.5959680080414,23.872998195413633
3.558536114692688,0.12273834016174077,0.1629003358259797,0.12863116864114998,0.12493405689795813,0.12678261276955405,0.16265049140900373,36,0.0002,301.98810338974,23.841998804528465
3.542850517829259,0.12298040388152004,0.16519099981834492,0.12819891655196747,0.12460407435894012,0.1264014954554538,0.16298927793900173,37,0.0002,301.7539601325989,23.8604987879401
3.5115616353352865,0.12194428796569506,0.16856623193869988,0.1261055501550436,0.1235341272999843,0.12481983872751395,0.16100782955686252,38,0.0002,304.6782851219177,23.631483934337176
3.5327739254633586,0.11708522462596496,0.1695020719245076,0.12665496298422416,0.12434875583897034,0.12550185941159725,0.16208292409777642,39,0.0002,303.5606653690338,23.718488003862674
3.519789060354233,0.11511429263278843,0.1687598051254948,0.12586199815074603,0.12311614009241263,0.12448906912157934,0.16062802637616794,40,0.0002,303.6642231941223,23.710399349209084
3.519944948752721,0.11530395510296026,0.17165526442229748,0.12610752588758867,0.12185409788042306,0.12398081188400586,0.15938818006465832,41,0.0002,301.91490411758423,23.847779297427056
3.5336684159437817,0.11530653124054273,0.1680889070406556,0.12731312677264214,0.12189926200856765,0.1246061943906049,0.15888046006361645,42,0.0002,302.35225677490234,23.8132834753746
3.498198262055715,0.11255432908733685,0.1685824369142453,0.12560531458506982,0.11981175117194652,0.12270853287850816,0.15884768267472585,43,0.0002,302.2520749568939,23.821176417157226
3.5147825757662456,0.11202694106847048,0.1684851257999738,0.1245877454429865,0.12123714792231718,0.12291244668265183,0.15809300715724628,44,0.0002,302.2044425010681,23.82493103149717
3.514773974021276,0.10749026842415332,0.16494385893146196,0.12450682015468677,0.12095128941039245,0.1227290547825396,0.1574080054089427,45,0.0002,302.249395608902,23.82138758456443
3.4908112621307374,0.10744697115073601,0.1656684871017933,0.1233064695696036,0.11926371200631063,0.12128509078795711,0.15725892869134744,46,0.0002,302.17790603637695,23.827023273942622
3.498866833051046,0.10583214146395524,0.16517450459301472,0.12312980007380248,0.11905674363176028,0.12109327185278138,0.15514409240335225,47,0.0002,302.12782406806946,23.830972940704193
3.4756965800126394,0.10193178841223319,0.16463246561586856,0.12190701798846325,0.11774996805936098,0.11982849302391212,0.15402012139558793,48,0.0002,301.98759937286377,23.84203859679075
3.499317769209544,0.10171995677053929,0.16530975706875325,0.12306294207771619,0.11783770966033141,0.1204503258690238,0.15495157562196255,49,0.0002,302.59681463241577,23.79403764955792
3.506756903727849,0.09648213603223364,0.16169086340814828,0.12220724251121283,0.11774316189189751,0.11997520220155516,0.15430460202197233,50,0.0002,302.3882784843445,23.81044674115159
3.4857498196760814,0.09625845142950615,0.1600955667346716,0.12120893583943447,0.11703299660235643,0.11912096622089545,0.15235794114569823,51,0.0002,301.8694760799408,23.8513681260483
3.4831333247820537,0.09595670927936832,0.15863114537050327,0.12149594207604726,0.11562351698676746,0.11855972953140737,0.152907088684539,52,0.0002,302.07860827445984,23.83485557328273
3.5028046027819317,0.09494679069146514,0.1605454202244679,0.12084552083164453,0.11677078004926443,0.11880815044045448,0.1526680889725685,53,0.0002,302.1206588745117,23.83153812394729
3.4734821585814157,0.09179113651936253,0.15958936021973688,0.12046052912871043,0.11506741322577,0.11776397117724022,0.1503032016629974,54,0.0002,302.0083010196686,23.840404305744872
3.4911669607957205,0.09155727284650007,0.15833066148062547,0.12094710069398085,0.11461939048022032,0.11778324558710059,0.1524540761858225,55,0.0002,301.8279004096985,23.85465356326166
3.4951831511656444,0.09188622071097295,0.1586258897309502,0.12085297178477049,0.11538740084817012,0.11812018631647031,0.1509645780424277,56,0.0002,304.1751344203949,23.670573907099886
3.3650242400169375,0.11883047914753357,0.15732272102187078,0.11985637560486793,0.11454843699932099,0.11720240630209447,0.14987639794747035,57,0.0002,301.4234731197357,23.886659938855903
3.329566835562388,0.13363511603325606,0.15830453599492708,0.11916098594665528,0.11476949578771989,0.11696524086718758,0.1505554939309756,58,0.0002,301.3765482902527,23.890379131510105
3.3368386550744376,0.13646831809232632,0.15668982895712058,0.11973100438714028,0.11526709624876579,0.11749905031795303,0.15063790308932462,59,0.0002,301.719810962677,23.863199360451166
3.308977890809377,0.13693985854585966,0.1545243991042177,0.11888660827030738,0.11351699319978555,0.11620180073504646,0.1480363561833898,60,0.0002,302.00453996658325,23.840701205341745
3.3068791437149048,0.13469909733782212,0.15362860170503456,0.11766007407257954,0.11409157112240792,0.11587582259749374,0.14853708614905675,61,0.0002,301.90376925468445,23.848658855021174
3.3271225146452585,0.13657541071375212,0.1512739825124542,0.11867141719907522,0.11371057863036792,0.11619099791472157,0.1494370612874627,62,0.0002,302.05548620224,23.836680109757285
3.3047013866901396,0.13331181703756254,0.15540641885250805,0.11939563442021608,0.11204424350212018,0.11571993896116814,0.14809966372946898,63,0.0002,301.5779535770416,23.874424222991735
3.2767559337615966,0.13330353736877443,0.15669978180279334,0.11701873421669007,0.1133348681901892,0.11517680120343964,0.14752872250974178,64,0.0002,301.9144358634949,23.84781628413207
3.2779514690240226,0.1332532390827934,0.15253913782536985,0.11706927210092545,0.1120019169896841,0.11453559454530478,0.1478382370620966,65,0.0002,301.7709882259369,23.85915240668973
3.269556409517924,0.13356311431775492,0.15417607473830383,0.11704214476048946,0.11157657571136952,0.1143093602359295,0.14661857180297375,66,0.0002,301.95493721961975,23.844617565445706
3.2621265014012653,0.1366364590699474,0.1546661743024985,0.1165212747702996,0.11176863629370928,0.11414495553200443,0.14659663612643878,67,0.0002,302.5019121170044,23.8015024421238
3.252462466557821,0.13622092839330435,0.1517287175729871,0.11605270467698574,0.11119472980499268,0.11362371724098921,0.1458778493727247,68,0.0002,302.57247591018677,23.795951625610492
3.2613970728715262,0.13678186887254318,0.1540485733623306,0.11708320406575998,0.11100409450630347,0.11404364928603172,0.14649789430201055,69,0.0002,302.1804974079132,23.82681894351615
3.2273667577902474,0.13884124595671893,0.15033812644581,0.11534637978921335,0.1091914805645744,0.11226893017689388,0.1450226587553819,70,0.0002,302.2635009288788,23.820275944246827
3.2433607999483742,0.1380887757986784,0.15313242092728616,0.11524287262310584,0.11015521860371033,0.11269904561340809,0.1440603448326389,71,0.0002,302.16522312164307,23.82802337614308
3.2315744467576346,0.13604360486070316,0.15051241993904113,0.1147198985517025,0.10967542250951132,0.11219766053060691,0.1435537168631951,72,0.0002,302.1996591091156,23.825308146361234
3.25946452220281,0.13680632467071216,0.15002194195985794,0.11583472001055876,0.11114642071227232,0.11349057036141555,0.14416989440719286,73,0.0002,302.2629323005676,23.820320755839102
3.227131826082865,0.13734501885871092,0.15054642797758183,0.11468797070284685,0.10866660548994939,0.11167728809639813,0.14295826233923437,74,0.0002,303.07425594329834,23.75655423978682
3.229871832927068,0.1363205193231503,0.15228431622187297,0.11487831099579732,0.10944903165102005,0.11216367132340868,0.14368004723141592,75,0.0002,303.5551190376282,23.718921370281688
3.226469266414642,0.13841886101911466,0.15200918671985467,0.11437088457246622,0.1093584302191933,0.11186465739582976,0.14305845690270266,76,0.00019733333333333335,301.4385323524475,23.8854666117523
3.234387647310893,0.13879909238467614,0.14995658257355293,0.11431397983183464,0.10952865229298671,0.11192131606241068,0.14364761071900525,77,0.0001946666666666667,301.4667224884033,23.88323308313728
3.208356663783391,0.13672676146030427,0.15084297531594834,0.11399783982584874,0.10810309612502654,0.11105046797543763,0.14132604381690422,78,0.000192,301.7942764759064,23.857311291901883
3.2021346986293793,0.13709104714294273,0.14835321011642616,0.11313312854617834,0.10785815233985584,0.11049564044301709,0.14153397402415674,79,0.00018933333333333335,301.66239190101624,23.867741532602178
3.2101412280400594,0.13531265476097662,0.14980705230186384,0.11304804849127928,0.10807227204243341,0.11056016026685635,0.14100283509741227,80,0.0001866666666666667,301.8693630695343,23.851377055251252
3.2071646706263226,0.13619932897388934,0.14628606079767148,0.11289816272755464,0.10705663411567609,0.10997739842161536,0.13965793071935576,81,0.00018400000000000003,302.035471200943,23.83825969635821
3.1827236580848695,0.13373596508055927,0.14731530680010715,0.11144334860146046,0.106335180811584,0.10888926470652223,0.13939804520457982,82,0.00018133333333333334,301.9413592815399,23.845689829085277
3.191109964052836,0.13455903055767218,0.1471039717271924,0.11222200723985831,0.10609482616186142,0.10915841670085986,0.1387810928747058,83,0.00017866666666666668,301.9406671524048,23.845744489813274
3.175707925160726,0.13424471002072097,0.1458190428217252,0.11133267860859633,0.10553214348852634,0.10843241104856133,0.139111142270267,84,0.00017600000000000002,301.99568724632263,23.84140007313192
3.179689254760742,0.13599815485378106,0.1476895371079445,0.11169598924616973,0.10561711221933365,0.10865655073275168,0.13933548625558614,85,0.00017333333333333334,302.6053900718689,23.793363357770982
3.168911550442378,0.13315177661677202,0.1458206718042493,0.10993284026781718,0.10520990164329608,0.10757137095555663,0.13720438931137324,86,0.00017066666666666668,302.20902371406555,23.824569867285845
3.145182073911031,0.13489846092959246,0.14453031082948048,0.10911262642592191,0.1040028058240811,0.1065577161250015,0.13630754170318446,87,0.000168,302.2048535346985,23.82489862682934
3.172381698290507,0.13329274083177248,0.1458514496932427,0.11161368049681186,0.10445642724633217,0.10803505387157201,0.13668304254611333,88,0.00016533333333333333,302.2106137275696,23.82444451964385
3.151409479379654,0.13521281431118648,0.1476782029370467,0.10948890645056963,0.10401023217787345,0.10674956931422154,0.13659310210496187,89,0.00016266666666666667,301.86117696762085,23.85202387510835
3.1461864737669627,0.13340003420909247,0.14514234484483798,0.10921529650688172,0.10314635207255682,0.10618082428971927,0.13508123940477768,90,0.00016,301.6397316455841,23.86953456270722
3.1362936333815257,0.13341816357026498,0.14546175399174294,0.10840469305713972,0.10302740776290496,0.10571605041002234,0.13518623186896245,91,0.00015733333333333333,301.9252336025238,23.846963415713045
3.121543977657954,0.1297985819975535,0.14792707073191802,0.10721364844590425,0.10201801963150502,0.10461583403870464,0.13408455837517977,92,0.00015466666666666667,301.8999807834625,23.848958126182172
3.1283067444960277,0.12932977465912698,0.14763319358229637,0.10717042000343402,0.1016333964218696,0.1044019082126518,0.13405310322841008,93,0.000152,304.2285509109497,23.666417824497678
3.136372900803884,0.1288234853123625,0.14720530701180298,0.10677262702335914,0.10207117098073165,0.1044218990020454,0.13360894511143367,94,0.00014933333333333332,302.19076442718506,23.826009420400037
3.142963662147522,0.12721308920532465,0.14350521331032118,0.1075036712984244,0.100758218045036,0.1041309446717302,0.13281476440529028,95,0.0001466666666666667,302.2036397457123,23.824994318593923
3.1416595570246377,0.12589768890291453,0.1435565310716629,0.10680074360221624,0.10040721212824186,0.10360397786522904,0.13272021689762672,96,0.000144,302.44694089889526,23.80582848218287
3.1437714930375416,0.12596249105408788,0.1430687359472116,0.10593579597771167,0.09956326273580392,0.1027495293567578,0.13000735691438117,97,0.00014133333333333334,302.3671157360077,23.8121132401389
3.1495073159535725,0.12379292273893952,0.14241106235732634,0.1065059514467915,0.09915831288943688,0.10283213216811418,0.13085318725556136,98,0.00013866666666666669,311.87938046455383,23.085848090615613
3.1706626037756602,0.12561464397857586,0.13819096482048432,0.10665967234720787,0.10112567406147718,0.10389267320434253,0.13242249133686224,99,0.000136,302.64328360557556,23.790384224695067
3.1512135509649912,0.12335416480277975,0.1395857237279415,0.1067465136696895,0.09967847868800163,0.10321249617884556,0.13124819283684094,100,0.00013333333333333337,302.4973900318146,23.801858254852228
3.16409196694692,0.12139734992136558,0.13838091102739175,0.10628175081064303,0.10011580595125755,0.10319877838095029,0.13094960131992897,101,0.00013066666666666668,302.8255498409271,23.776065143057206
3.17248002409935,0.11873656769593556,0.13776291451106468,0.1063186989352107,0.10038780910273393,0.10335325401897232,0.13161361613621314,102,0.00012800000000000002,302.5654408931732,23.79650491062561
3.1845063634713493,0.1196317250902454,0.13720412163684764,0.10578848339617253,0.10079981724421183,0.10329415032019218,0.13110204047212998,103,0.00012533333333333334,303.14739418029785,23.750822663241426
3.1498750523726144,0.12045386609931787,0.13717874395350615,0.10557316331813733,0.09823048995186885,0.10190182663500309,0.129895194893082,104,0.00012266666666666668,302.5231626033783,23.799830525504355
3.1805939300855,0.1204165347913901,0.1380110762392481,0.10638247479995092,0.10003946611036857,0.10321097045515974,0.1319272665306926,105,0.00012,302.02386450767517,23.839175794060573
3.188838903109233,0.12009225071718295,0.1369424947972099,0.10635621073345343,0.10045665390789509,0.10340643232067426,0.13156658360113702,106,0.00011733333333333334,302.29072618484497,23.818130615086545
3.175780183474223,0.11636623293161392,0.1354617516323924,0.10565552956114213,0.09947389087329309,0.10256471021721761,0.13054964780807496,107,0.00011466666666666666,302.0616054534912,23.836197219406596
3.1817672312259675,0.11623771484941244,0.13850158475339414,0.10549557565400998,0.10074604708701372,0.10312081137051185,0.131122136178116,108,0.00011200000000000001,301.9867901802063,23.84210248303743
3.169687067270279,0.11602871981759866,0.13588711650421223,0.10560684521993001,0.09833688033123811,0.10197186277558407,0.1296419874827067,109,0.00010933333333333333,302.30405139923096,23.81708073932322
3.1592426045735675,0.11775942798703909,0.1367997417598963,0.10486582520107428,0.0992523918300867,0.10205910851558049,0.12995950743556023,110,0.00010666666666666667,302.20609951019287,23.82480039836905
3.1861814141273497,0.11657413942118486,0.13551568073530992,0.10555422723293305,0.09917848706245422,0.10236635714769363,0.13053655681510767,111,0.00010400000000000001,302.5156273841858,23.800423344266495
3.1571938570340476,0.11575640216469765,0.1366577964524428,0.10505914178987344,0.09783542824288209,0.10144728501637776,0.1291391094898184,112,0.00010133333333333332,302.50351214408875,23.80137654921008
3.1780399986108145,0.11641594597448905,0.1353447337821126,0.10561250469336907,0.09926253424336513,0.1024375194683671,0.12940038601557413,113,9.866666666666666e-05,302.12095880508423,23.831514465188555
3.16909099539121,0.11898579729100069,0.13703944627195597,0.10541662802298864,0.09899057647834221,0.10220360225066542,0.12898636343578498,114,9.6e-05,302.19574069976807,23.825617076294968
3.1519176999727887,0.11801910223439335,0.13650120625893275,0.10524465231845777,0.09816690833618244,0.10170578032732011,0.12860498577356339,115,9.333333333333334e-05,303.3019027709961,23.738723477235354
3.1699372084935504,0.11596368607133627,0.13481776248663663,0.10483923650036256,0.09839674527446429,0.10161799088741343,0.12830201673010985,116,9.066666666666668e-05,302.9084165096283,23.769560723880183
3.1384795240561165,0.11426229918996493,0.13613222494721414,0.10370750360190868,0.09676938538750013,0.1002384444947044,0.12761709231883286,117,8.8e-05,302.3995237350464,23.809561308398187
3.1169639456272127,0.11789060287177562,0.13761301691333452,0.10332008831202984,0.09635922838002443,0.09983965834602714,0.12666816699008146,118,8.533333333333334e-05,302.4375238418579,23.806569728975894
3.1270578273137413,0.11774706862866878,0.13692691421757142,0.10301130924373865,0.0970071383814017,0.10000922381257017,0.1279875139147043,119,8.266666666666667e-05,302.75400733947754,23.781683563073873
3.1298255542914073,0.11565294188757737,0.13774723832805952,0.1026625177760919,0.09672102549423774,0.09969177163516482,0.12685465882221858,120,8e-05,302.3944652080536,23.809959600438628
3.0987996538480123,0.11779910152157148,0.13673880589505036,0.1021824078137676,0.09578163633743922,0.09898202207560342,0.12603057483832042,121,7.733333333333335e-05,302.8913061618805,23.770903467767262
3.0967449100812274,0.11695117411514123,0.13828783489763738,0.10244167969872554,0.09467292749633392,0.09855730359752973,0.12564379417647917,122,7.466666666666666e-05,302.3505184650421,23.813420385559773
3.1225995473066965,0.11665413606911898,0.13767928630113602,0.10310090677191813,0.09577669056753317,0.09943879866972566,0.1265670953070124,123,7.2e-05,302.5692093372345,23.796208529517283
3.1008120810985567,0.11719807865719001,0.13835312436024347,0.10236096291492383,0.09573290144403776,0.0990469321794808,0.12536056955655417,124,6.933333333333334e-05,302.33197045326233,23.81488133459922
3.0870631615320843,0.11751227689286073,0.1399264491473635,0.10248337804029385,0.09400861634562413,0.09824599719295898,0.1250895473236839,125,6.666666666666668e-05,302.34008026123047,23.81424253700996
3.0968439145882924,0.11509011552979549,0.13790656382838884,0.10142241280525922,0.09467763389150302,0.09805002334838112,0.12517179993291697,126,6.4e-05,302.37591576576233,23.811420237508372
3.07534015973409,0.11783959350238243,0.13921913476039965,0.10188855404655138,0.09352910612399379,0.09770883008527259,0.12437600888311863,127,6.133333333333334e-05,302.5821416378021,23.795191484296414
3.0726101752122243,0.11491760908315579,0.1401079187169671,0.10080278077473243,0.09345795343319575,0.09713036710396408,0.1242729211350282,128,5.866666666666667e-05,302.3843996524811,23.810752169340372
3.081179022391637,0.11673442243287961,0.1403028945500652,0.10075364712625742,0.0942136766264836,0.0974836618763705,0.12433637283742428,129,5.6000000000000006e-05,302.48139548301697,23.80311684460028
3.065003017981847,0.11707455934335788,0.14026496842503547,0.09999577220529318,0.0935267606501778,0.0967612664277355,0.12336378704756498,130,5.333333333333335e-05,303.3273594379425,23.73673121126102
3.0638150028387705,0.11816920130203168,0.14017414002368847,0.1003802722071608,0.09277860729644696,0.09657943975180389,0.12489830718686183,131,5.066666666666666e-05,302.11524748802185,23.831964986426126
3.071458407243093,0.11822860947499672,0.14128787462910017,0.10060381150494019,0.09383813607196013,0.09722097378845015,0.12295593426873287,132,4.8e-05,301.99865436553955,23.841165832762655
3.054002539316813,0.11803080099324385,0.13962639898061752,0.09966690013806025,0.09263160659000277,0.09614925336403152,0.12318391994883617,133,4.533333333333334e-05,302.566349029541,23.796433486716097
3.0380620324611662,0.11897764009733995,0.14287400713811318,0.09972955511262019,0.09138165023177862,0.0955556026721994,0.12201811421662569,134,4.2666666666666676e-05,302.1890478134155,23.826144766323857
3.0484509344895683,0.11953565901766221,0.14068543434143066,0.10030952309568723,0.09216475803405047,0.09623714056486884,0.12269493964811166,135,3.999999999999999e-05,304.1493020057678,23.672584327888615
3.0470519773165385,0.12108518915871778,0.14360877914975087,0.09972741981347402,0.0929177192474405,0.09632256953045726,0.1226731849834323,136,3.733333333333333e-05,303.303435087204,23.738603547071268
3.0382684461275735,0.12170307029038668,0.14237136530379454,0.099751189040641,0.09200158805896838,0.09587638854980468,0.12222869710375865,137,3.466666666666667e-05,302.425904750824,23.80748436855055
3.0287061131000517,0.12115956881393988,0.1435761046037078,0.09912360514203708,0.09134529038021962,0.09523444776112835,0.12212098383655151,138,3.2000000000000005e-05,302.91588592529297,23.76897460496908
3.0257518271605175,0.12200630821287632,0.1428266739472747,0.09833905428647995,0.09161513159672419,0.09497709294160206,0.12149340407301983,139,2.9333333333333322e-05,303.85457038879395,23.695546164690942
3.0122174366315204,0.12276265501976014,0.14227106769879658,0.098481460288167,0.09027816309904059,0.0943798116936038,0.12039801012724638,140,2.6666666666666663e-05,303.2714307308197,23.741108691476576
3.0028751866022745,0.12321160562336445,0.14293807269384465,0.09780243915816147,0.09023983986427386,0.09402113951121767,0.1206342643747727,141,2.4e-05,302.7855234146118,23.779208195964042
3.0086193430423736,0.12337908650437991,0.14463895014176767,0.09851968333125115,0.09051218181848526,0.0945159325748682,0.12096630035589138,142,2.1333333333333338e-05,302.6493375301361,23.789908343292062
3.0017951556046802,0.12466711194564899,0.146537682749331,0.09827795644601187,0.09031367535392443,0.09429581589996815,0.12100427693376939,143,1.8666666666666675e-05,302.6989850997925,23.786006410382697
2.987211412191391,0.12492739231636127,0.1447670998548468,0.0976906261841456,0.08913048326969147,0.09341055472691853,0.11960609462112189,144,1.5999999999999992e-05,302.6183066368103,23.79234779289521
2.9921906848748523,0.1260377338156104,0.14668560095131397,0.09761670425534248,0.09029941656937202,0.09395806041235724,0.120358748609821,145,1.3333333333333332e-05,302.88462233543396,23.771428025904385
2.974548347791036,0.12639524980137745,0.14593714335312447,0.09704022740324338,0.08926731000343958,0.09315376870334148,0.11981841623783111,146,1.0666666666666669e-05,302.45217180252075,23.80541676090551
2.952424244483312,0.12575198251754047,0.146445078899463,0.09600983871767918,0.08801400056729713,0.09201191964248816,0.11870499214778343,147,8.000000000000008e-06,302.7812457084656,23.779544149615383
2.951361720561981,0.12736509129405021,0.1471600969011585,0.0958328660329183,0.08861207950860261,0.09222247277076046,0.11874177755167087,148,5.3333333333333235e-06,303.6645231246948,23.710375930359962
2.9533175563812257,0.12657171357423067,0.14678572685768207,0.09618933009604613,0.08822641702989738,0.09220787356297175,0.11867286688337723,149,2.6666666666666617e-06,301.7247622013092,23.862807770467963
2.9554733033974965,0.12701128189762434,0.14695524351050457,0.09682215427358945,0.08791382088015477,0.09236798757687212,0.1194428376480937,150,0.0,301.94659399986267,23.84527642660965
