word,lemma,count
minutes,minute,706
times,time,536
drinks,drink,449
stars,star,420
things,thing,370
prices,price,336
friends,friend,335
places,place,322
fries,fry,322
years,year,301
reviews,review,267
tables,table,243
items,item,236
hours,hour,230
restaurants,restaurant,228
dishes,dish,220
chips,chip,217
customers,customer,199
tacos,taco,197
makes,make,194
rooms,room,193
comes,come,188
options,option,178
days,day,176
lots,lot,174
guys,guy,169
kids,kid,147
employees,employee,144
burgers,burger,143
beans,bean,141
flavors,flavor,140
looks,look,139
rolls,roll,135
portions,portion,134
says,say,130
gets,get,129
sandwiches,sandwich,126
needs,need,125
months,month,124
eggs,egg,123
